$MeshFormat
2.2 0 8
$EndMeshFormat
$Nodes
4356
1 3 0 0
2 2 0 1
3 1 0 0
4 2 0 -1
5 2.565685424949238 0 0
6 2 0 0.565685424949238
7 1.434314575050762 0 0
8 2 0 -0.565685424949238
9 1.83697019872103e-16 3 0
10 1.224646799147353e-16 2 1
11 1.224646799147353e-16 2 0.565685424949238
12 1.57102922164155e-16 2.565685424949238 0
13 6.123233995736766e-17 1 0
14 8.782643766531559e-17 1.434314575050762 0
15 1.224646799147353e-16 2 -1
16 1.224646799147353e-16 2 -0.565685424949238
17 -3 3.673940397442059e-16 0
18 -2 2.449293598294706e-16 1
19 -2 2.449293598294706e-16 0.565685424949238
20 -2.565685424949238 3.142058443283101e-16 0
21 -1 1.224646799147353e-16 0
22 -1.434314575050762 1.756528753306312e-16 0
23 -2 2.449293598294706e-16 -1
24 -2 2.449293598294706e-16 -0.565685424949238
25 -5.51091059616309e-16 -3 0
26 -3.673940397442059e-16 -2 1
27 -3.673940397442059e-16 -2 0.565685424949238
28 -4.713087664924651e-16 -2.565685424949238 0
29 -1.83697019872103e-16 -1 0
30 -2.634793129959468e-16 -1.434314575050762 0
31 -3.673940397442059e-16 -2 -1
32 -3.673940397442059e-16 -2 -0.565685424949238
33 2.707106779473124 0 0.707106782899971
34 2.965925826088337 0 0.2588190458516607
35 2.866025402932619 0 0.5000000014753946
36 2.499999998956863 0 0.8660254043866941
37 2.258819045245293 0 0.9659258262508126
38 1.292893217237686 0 0.7071067796107811
39 1.741180954057924 0 0.96592582606411
40 1.499999998619433 0 0.8660254029873681
41 1.133974595381022 0 0.499999998554535
42 1.034074173497352 0 0.2588190443054283
43 1.292893220549718 0 -0.7071067829228128
44 1.034074173976541 0 -0.258819046093789
45 1.133974597154458 0 -0.5000000016262167
46 1.500000001592532 0 -0.8660254047038873
47 1.741180955294826 0 -0.9659258263955369
48 2.707106782436722 0 -0.7071067799363734
49 2.258819045594668 0 -0.9659258261571978
50 2.500000001082868 0 -0.8660254031592445
51 2.866025404524244 0 -0.4999999987186197
52 2.96592582646485 0 -0.2588190444464937
53 2.710456949965645 0 0
54 2.855228474982499 0 0
55 2 0 0.7104569499658719
56 2 0 0.8552284749826409
57 1.289543050034288 0 0
58 1.144771525017144 0 0
59 2 0 -0.7104569499658719
60 2 0 -0.8552284749826409
61 2.282842712475414 0 0.282842712473824
62 2.471404520791452 0 0.09428090415778589
63 2.377123616633435 0 0.1885618083158028
64 2.188561808316934 0 0.3771236166323041
65 2.094280904158454 0 0.4714045207907843
66 1.717157287526066 0 0.2828427124753044
67 1.905719095841981 0 0.4714045207912186
68 1.811438191683951 0 0.3771236166331889
69 1.622876383367616 0 0.1885618083168538
70 1.5285954792092 0 0.0942809041584375
71 1.717157287524694 0 -0.2828427124739322
72 1.52859547920887 0 -0.09428090415810837
73 1.622876383366624 0 -0.188561808315862
74 1.81143819168315 0 -0.3771236166323882
75 1.905719095841575 0 -0.4714045207908131
76 2.282842712473825 0 -0.2828427124754125
77 2.094280904157898 0 -0.4714045207913402
78 2.188561808315861 0 -0.3771236166333764
79 2.377123616632147 0 -0.1885618083170907
80 2.47140452079066 0 -0.09428090415857768
81 1.657624826215931e-16 2.707106779473124 0.707106782899971
82 1.816105784713775e-16 2.965925826088337 0.2588190458516607
83 1.754934417988218e-16 2.866025402932619 0.5000000014753946
84 1.530808498295454e-16 2.499999998956863 0.8660254043866941
85 1.383127756806364e-16 2.258819045245293 0.9659258262508126
86 1.224646799147353e-16 2 0.8552284749833661
87 1.224646799147353e-16 2 0.7104569499665971
88 1.397838010394939e-16 2.282842712475414 0.282842712473824
89 1.282377202896695e-16 2.09428090415871 0.471404520790528
90 1.340107606645586e-16 2.188561808316686 0.3771236166325524
91 1.455568414143822e-16 2.377123616633376 0.1885618083158615
92 1.513298817892682e-16 2.4714045207913 0.09428090415793827
93 1.659676214001063e-16 2.710456949965645 0
94 1.748323206360848e-16 2.855228474982499 0
95 2.598076211353316 1.5 0
96 1.5 2.598076211353316 0
97 2.954423259042685 0.5209445329664183 0
98 2.819077862322569 1.026060430073596 0
99 2.298133328313685 1.928362830302914 0
100 1.928362827700869 2.29813333049706 0
101 1.026060429475812 2.819077862540145 0
102 0.5209445320186823 2.954423259209797 0
103 1.732050807568877 0.9999999999999999 1
104 1 1.732050807568877 1
105 1.969615506036541 0.3472963552650971 1
106 1.879385241572985 0.684040286648128 1
107 1.532088885545138 1.285575220198747 1
108 1.285575218598053 1.532088886888279 1
109 0.6840402864401054 1.879385241648699 1
110 0.3472963547794982 1.969615506122165 1
111 1.732050807568877 0.9999999999999999 0.565685424949238
112 1 1.732050807568877 0.565685424949238
113 1.969615506036541 0.3472963552650971 0.565685424949238
114 1.879385241572985 0.684040286648128 0.565685424949238
115 1.532088885545138 1.285575220198747 0.565685424949238
116 1.285575218598053 1.532088886888279 0.565685424949238
117 0.6840402864401054 1.879385241648699 0.565685424949238
118 0.3472963547794982 1.969615506122165 0.565685424949238
119 2.221948756125513 1.282842712474619 0
120 1.282842712474619 2.221948756125513 0
121 2.526706898276373 0.4455265985320528 0
122 2.41095566108097 0.8775160967746256 0
123 1.965429061673425 1.64919080258364 0
124 1.649190800655571 1.965429063291267 0
125 0.8775160965093597 2.410955661177519 0
126 0.4455265978198982 2.526706898401945 0
127 7.916687700647279e-17 1.292893217237686 0.7071067796107811
128 1.066165841061685e-16 1.741180954057924 0.96592582606411
129 9.184850985151616e-17 1.499999998619433 0.8660254029873681
130 6.943591792738916e-17 1.133974595381022 0.499999998554535
131 6.331878133272381e-17 1.034074173497352 0.2588190443054283
132 7.009703919332294e-17 1.144771525016474 0
133 7.896173842931927e-17 1.289543050033618 0
134 1.051455587900674e-16 1.717157287526066 0.2828427124753044
135 9.359947804024752e-17 1.528595479209436 0.09428090415867411
136 9.937251841516108e-17 1.62287638336781 0.1885618083170482
137 1.109185991649579e-16 1.811438191684064 0.3771236166333017
138 1.16691639539851e-16 1.905719095842104 0.471404520791342
139 0.8660254037844387 0.4999999999999999 0
140 0.5000000000000001 0.8660254037844386 0
141 0.9848077530182705 0.1736481776325486 0
142 0.9396926207864925 0.342020143324064 0
143 0.7660444427725691 0.6427876100993734 0
144 0.6427876092990267 0.7660444434441397 0
145 0.3420201432200527 0.9396926208243495 0
146 0.1736481773897491 0.9848077530610826 0
147 1.242152859012242 0.7171572875253809 0
148 0.7171572875253811 1.242152859012242 0
149 1.412524113766416 0.2490661121699424 0
150 1.347814822032157 0.490564476611864 0
151 1.098748709429858 0.9219596377983528 0
152 0.9219596366738377 1.098748710373438 0
153 0.4905644763952014 1.347814822111016 0
154 0.2490661117905694 1.412524113833309 0
155 7.916687720927625e-17 1.292893220549718 -0.7071067829228128
156 6.331878136206572e-17 1.034074173976541 -0.258819046093789
157 6.943591803598081e-17 1.133974597154458 -0.5000000016262167
158 9.184851003356593e-17 1.500000001592532 -0.8660254047038873
159 1.06616584181907e-16 1.741180955294826 -0.9659258263955369
160 1.224646799147353e-16 2 -0.8552284749833661
161 1.224646799147353e-16 2 -0.7104569499665971
162 1.051455587899834e-16 1.717157287524694 -0.2828427124739322
163 1.166916395398127e-16 1.905719095841478 -0.4714045207907155
164 1.109185991648893e-16 1.811438191682943 -0.3771236166321814
165 9.937251841509475e-17 1.622876383366727 -0.1885618083159648
166 9.359947804020532e-17 1.528595479208747 -0.09428090415798487
167 1.732050807568877 0.9999999999999999 -1
168 1 1.732050807568877 -1
169 1.969615506036541 0.3472963552650971 -1
170 1.879385241572985 0.684040286648128 -1
171 1.532088885545138 1.285575220198747 -1
172 1.285575218598053 1.532088886888279 -1
173 0.6840402864401054 1.879385241648699 -1
174 0.3472963547794982 1.969615506122165 -1
175 1.732050807568877 0.9999999999999999 -0.565685424949238
176 1 1.732050807568877 -0.565685424949238
177 1.969615506036541 0.3472963552650971 -0.565685424949238
178 1.879385241572985 0.684040286648128 -0.565685424949238
179 1.532088885545138 1.285575220198747 -0.565685424949238
180 1.285575218598053 1.532088886888279 -0.565685424949238
181 0.6840402864401054 1.879385241648699 -0.565685424949238
182 0.3472963547794982 1.969615506122165 -0.565685424949238
183 1.657624828030611e-16 2.707106782436722 -0.7071067799363734
184 1.383127757020295e-16 2.258819045594668 -0.9659258261571978
185 1.530808499597257e-16 2.500000001082868 -0.8660254031592445
186 1.754934418962807e-16 2.866025404524244 -0.4999999987186197
187 1.816105784944323e-16 2.96592582646485 -0.2588190444464937
188 1.397838010393966e-16 2.282842712473825 -0.2828427124754125
189 1.513298817892373e-16 2.471404520790795 -0.09428090415844277
190 1.455568414143105e-16 2.377123616632206 -0.1885618083170322
191 1.340107606645162e-16 2.188561808315994 -0.3771236166332444
192 1.282377202896338e-16 2.094280904158127 -0.4714045207911104
193 -2.707106779473124 3.315249652431861e-16 0.707106782899971
194 -2.965925826088337 3.632211569427551e-16 0.2588190458516607
195 -2.866025402932619 3.509868835976435e-16 0.5000000014753946
196 -2.499999998956863 3.061616996590909e-16 0.8660254043866941
197 -2.258819045245293 2.766255513612729e-16 0.9659258262508126
198 -2 2.449293598294706e-16 0.8552284749833661
199 -2 2.449293598294706e-16 0.7104569499665971
200 -2.282842712475414 2.795676020789877e-16 0.282842712473824
201 -2.09428090415871 2.564754405793389e-16 0.471404520790528
202 -2.188561808316686 2.680215213291172e-16 0.3771236166325524
203 -2.377123616633376 2.911136828287644e-16 0.1885618083158615
204 -2.4714045207913 3.026597635785363e-16 0.09428090415793827
205 -2.710456949965645 3.319352428002125e-16 0
206 -2.855228474982499 3.496646412721695e-16 0
207 -1.5 2.598076211353316 0
208 -2.598076211353316 1.500000000000001 0
209 -0.5209445364706955 2.954423258424787 0
210 -1.026060432603466 2.819077861401772 0
211 -1.928362829337032 2.298133329124155 0
212 -2.298133330801063 1.928362827338572 0
213 -2.819077862115857 1.026060430641534 0
214 -2.954423258782936 0.5209445344395268 0
215 -0.9999999999999998 1.732050807568877 1
216 -1.732050807568877 1 1
217 -0.347296355265097 1.969615506036541 1
218 -0.6840402866481279 1.879385241572985 1
219 -1.285575220198747 1.532088885545138 1
220 -1.532088886888279 1.285575218598053 1
221 -1.879385241648699 0.6840402864401055 1
222 -1.969615506122165 0.3472963547794983 1
223 -0.9999999999999998 1.732050807568877 0.565685424949238
224 -1.732050807568877 1 0.565685424949238
225 -0.347296355265097 1.969615506036541 0.565685424949238
226 -0.6840402866481279 1.879385241572985 0.565685424949238
227 -1.285575220198747 1.532088885545138 0.565685424949238
228 -1.532088886888279 1.285575218598053 0.565685424949238
229 -1.879385241648699 0.6840402864401055 0.565685424949238
230 -1.969615506122165 0.3472963547794983 0.565685424949238
231 -1.282842712474618 2.221948756125513 0
232 -2.221948756125513 1.282842712474619 0
233 -0.4455265985320527 2.526706898276373 0
234 -0.8775160967746255 2.41095566108097 0
235 -1.64919080258364 1.965429061673425 0
236 -1.965429063291267 1.649190800655571 0
237 -2.410955661177519 0.8775160965093598 0
238 -2.526706898401945 0.4455265978198983 0
239 -1.292893217237686 1.583337540129456e-16 0.7071067796107811
240 -1.741180954057924 2.132331682123371e-16 0.96592582606411
241 -1.499999998619433 1.836970197030323e-16 0.8660254029873681
242 -1.133974595381022 1.388718358547783e-16 0.499999998554535
243 -1.034074173497352 1.266375626654476e-16 0.2588190443054283
244 -1.144771525016474 1.401940783866459e-16 0
245 -1.289543050033618 1.579234768586385e-16 0
246 -1.717157287526066 2.102911175801348e-16 0.2828427124753044
247 -1.528595479209436 1.87198956080495e-16 0.09428090415867411
248 -1.62287638336781 1.987450368303222e-16 0.1885618083170482
249 -1.811438191684064 2.218371983299158e-16 0.3771236166333017
250 -1.905719095842104 2.333832790797021e-16 0.471404520791342
251 -0.4999999999999999 0.8660254037844387 0
252 -0.8660254037844386 0.5000000000000001 0
253 -0.1736481776325485 0.9848077530182705 0
254 -0.3420201433240639 0.9396926207864925 0
255 -0.6427876100993734 0.7660444427725691 0
256 -0.7660444434441397 0.6427876092990267 0
257 -0.9396926208243495 0.3420201432200528 0
258 -0.9848077530610826 0.1736481773897491 0
259 -0.7171572875253808 1.242152859012242 0
260 -1.242152859012242 0.7171572875253812 0
261 -0.2490661121699423 1.412524113766416 0
262 -0.4905644766118639 1.347814822032157 0
263 -0.9219596377983527 1.098748709429858 0
264 -1.098748710373438 0.9219596366738378 0
265 -1.347814822111016 0.4905644763952015 0
266 -1.412524113833309 0.2490661117905694 0
267 -1.292893220549718 1.583337544185525e-16 -0.7071067829228128
268 -1.034074173976541 1.266375627241314e-16 -0.258819046093789
269 -1.133974597154458 1.388718360719616e-16 -0.5000000016262167
270 -1.500000001592532 1.836970200671319e-16 -0.8660254047038873
271 -1.741180955294826 2.132331683638139e-16 -0.9659258263955369
272 -2 2.449293598294706e-16 -0.8552284749833661
273 -2 2.449293598294706e-16 -0.7104569499665971
274 -1.717157287524694 2.102911175799668e-16 -0.2828427124739322
275 -1.905719095841478 2.333832790796253e-16 -0.4714045207907155
276 -1.811438191682943 2.218371983297786e-16 -0.3771236166321814
277 -1.622876383366727 1.987450368301895e-16 -0.1885618083159648
278 -1.528595479208747 1.871989560804106e-16 -0.09428090415798487
279 -0.9999999999999998 1.732050807568877 -1
280 -1.732050807568877 1 -1
281 -0.347296355265097 1.969615506036541 -1
282 -0.6840402866481279 1.879385241572985 -1
283 -1.285575220198747 1.532088885545138 -1
284 -1.532088886888279 1.285575218598053 -1
285 -1.879385241648699 0.6840402864401055 -1
286 -1.969615506122165 0.3472963547794983 -1
287 -0.9999999999999998 1.732050807568877 -0.565685424949238
288 -1.732050807568877 1 -0.565685424949238
289 -0.347296355265097 1.969615506036541 -0.565685424949238
290 -0.6840402866481279 1.879385241572985 -0.565685424949238
291 -1.285575220198747 1.532088885545138 -0.565685424949238
292 -1.532088886888279 1.285575218598053 -0.565685424949238
293 -1.879385241648699 0.6840402864401055 -0.565685424949238
294 -1.969615506122165 0.3472963547794983 -0.565685424949238
295 -2.707106782436722 3.315249656061222e-16 -0.7071067799363734
296 -2.258819045594668 2.766255514040589e-16 -0.9659258261571978
297 -2.500000001082868 3.061616999194514e-16 -0.8660254031592445
298 -2.866025404524244 3.509868837925613e-16 -0.4999999987186197
299 -2.96592582646485 3.632211569888647e-16 -0.2588190444464937
300 -2.282842712473825 2.795676020787932e-16 -0.2828427124754125
301 -2.471404520790795 3.026597635784745e-16 -0.09428090415844277
302 -2.377123616632206 2.911136828286211e-16 -0.1885618083170322
303 -2.188561808315994 2.680215213290325e-16 -0.3771236166332444
304 -2.094280904158127 2.564754405792676e-16 -0.4714045207911104
305 -4.972874478647792e-16 -2.707106779473124 0.707106782899971
306 -5.448317354141327e-16 -2.965925826088337 0.2588190458516607
307 -5.264803253964653e-16 -2.866025402932619 0.5000000014753946
308 -4.592425494886363e-16 -2.499999998956863 0.8660254043866941
309 -4.149383270419093e-16 -2.258819045245293 0.9659258262508126
310 -3.673940397442059e-16 -2 0.8552284749833661
311 -3.673940397442059e-16 -2 0.7104569499665971
312 -4.193514031184816e-16 -2.282842712475414 0.282842712473824
313 -3.847131608690083e-16 -2.09428090415871 0.471404520790528
314 -4.020322819936758e-16 -2.188561808316686 0.3771236166325524
315 -4.366705242431466e-16 -2.377123616633376 0.1885618083158615
316 -4.539896453678045e-16 -2.4714045207913 0.09428090415793827
317 -4.979028642003188e-16 -2.710456949965645 0
318 -5.244969619082543e-16 -2.855228474982499 0
319 -2.598076211353316 -1.5 0
320 -1.500000000000001 -2.598076211353316 0
321 -2.954423258424787 -0.5209445364706954 0
322 -2.819077861401772 -1.026060432603466 0
323 -2.298133329124156 -1.928362829337032 0
324 -1.928362827338572 -2.298133330801063 0
325 -1.026060430641534 -2.819077862115857 0
326 -0.5209445344395269 -2.954423258782936 0
327 -1.732050807568878 -0.9999999999999997 1
328 -1 -1.732050807568877 1
329 -1.969615506036541 -0.3472963552650969 1
330 -1.879385241572985 -0.6840402866481278 1
331 -1.532088885545138 -1.285575220198746 1
332 -1.285575218598054 -1.532088886888279 1
333 -0.6840402864401056 -1.879385241648699 1
334 -0.3472963547794984 -1.969615506122165 1
335 -1.732050807568878 -0.9999999999999997 0.565685424949238
336 -1 -1.732050807568877 0.565685424949238
337 -1.969615506036541 -0.3472963552650969 0.565685424949238
338 -1.879385241572985 -0.6840402866481278 0.565685424949238
339 -1.532088885545138 -1.285575220198746 0.565685424949238
340 -1.285575218598054 -1.532088886888279 0.565685424949238
341 -0.6840402864401056 -1.879385241648699 0.565685424949238
342 -0.3472963547794984 -1.969615506122165 0.565685424949238
343 -2.221948756125513 -1.282842712474618 0
344 -1.282842712474619 -2.221948756125513 0
345 -2.526706898276373 -0.4455265985320525 0
346 -2.41095566108097 -0.8775160967746253 0
347 -1.965429061673425 -1.64919080258364 0
348 -1.649190800655571 -1.965429063291267 0
349 -0.87751609650936 -2.410955661177519 0
350 -0.4455265978198985 -2.526706898401945 0
351 -2.375006310194184e-16 -1.292893217237686 0.7071067796107811
352 -3.198497523185056e-16 -1.741180954057924 0.96592582606411
353 -2.755455295545485e-16 -1.499999998619433 0.8660254029873681
354 -2.083077537821675e-16 -1.133974595381022 0.499999998554535
355 -1.899563439981714e-16 -1.034074173497352 0.2588190443054283
356 -2.102911175799688e-16 -1.144771525016474 0
357 -2.368852152879578e-16 -1.289543050033618 0
358 -3.154366763702022e-16 -1.717157287526066 0.2828427124753044
359 -2.807984341207426e-16 -1.528595479209436 0.09428090415867411
360 -2.981175552454832e-16 -1.62287638336781 0.1885618083170482
361 -3.327557974948737e-16 -1.811438191684064 0.3771236166333017
362 -3.500749186195531e-16 -1.905719095842104 0.471404520791342
363 -0.8660254037844388 -0.4999999999999998 0
364 -0.5000000000000002 -0.8660254037844385 0
365 -0.9848077530182705 -0.1736481776325484 0
366 -0.9396926207864925 -0.3420201433240639 0
367 -0.7660444427725692 -0.6427876100993732 0
368 -0.6427876092990268 -0.7660444434441396 0
369 -0.3420201432200528 -0.9396926208243495 0
370 -0.1736481773897492 -0.9848077530610826 0
371 -1.242152859012242 -0.7171572875253808 0
372 -0.7171572875253812 -1.242152859012242 0
373 -1.412524113467003 -0.2490661138679953 0
374 -1.347814821570614 -0.4905644778799428 0
375 -1.098748709823137 -0.9219596373296612 0
376 -0.9219596365208584 -1.098748710501803 0
377 -0.4905644767517429 -1.347814821981246 0
378 -0.2490661128436773 -1.412524113647618 0
379 -2.375006316278288e-16 -1.292893220549718 -0.7071067829228128
380 -1.899563440861972e-16 -1.034074173976541 -0.258819046093789
381 -2.083077541079424e-16 -1.133974597154458 -0.5000000016262167
382 -2.755455301006978e-16 -1.500000001592532 -0.8660254047038873
383 -3.198497525457209e-16 -1.741180955294826 -0.9659258263955369
384 -3.673940397442059e-16 -2 -0.8552284749833661
385 -3.673940397442059e-16 -2 -0.7104569499665971
386 -3.154366763699502e-16 -1.717157287524694 -0.2828427124739322
387 -3.50074918619438e-16 -1.905719095841478 -0.4714045207907155
388 -3.327557974946679e-16 -1.811438191682943 -0.3771236166321814
389 -2.981175552452842e-16 -1.622876383366727 -0.1885618083159648
390 -2.80798434120616e-16 -1.528595479208747 -0.09428090415798487
391 -1.732050807568878 -0.9999999999999997 -1
392 -1 -1.732050807568877 -1
393 -1.969615506036541 -0.3472963552650969 -1
394 -1.879385241572985 -0.6840402866481278 -1
395 -1.532088885545138 -1.285575220198746 -1
396 -1.285575218598054 -1.532088886888279 -1
397 -0.6840402864401056 -1.879385241648699 -1
398 -0.3472963547794984 -1.969615506122165 -1
399 -1.732050807568878 -0.9999999999999997 -0.565685424949238
400 -1 -1.732050807568877 -0.565685424949238
401 -1.969615506036541 -0.3472963552650969 -0.565685424949238
402 -1.879385241572985 -0.6840402866481278 -0.565685424949238
403 -1.532088885545138 -1.285575220198746 -0.565685424949238
404 -1.285575218598054 -1.532088886888279 -0.565685424949238
405 -0.6840402864401056 -1.879385241648699 -0.565685424949238
406 -0.3472963547794984 -1.969615506122165 -0.565685424949238
407 -4.972874484091832e-16 -2.707106782436722 -0.7071067799363734
408 -4.149383271060884e-16 -2.258819045594668 -0.9659258261571978
409 -4.592425498791771e-16 -2.500000001082868 -0.8660254031592445
410 -5.26480325688842e-16 -2.866025404524244 -0.4999999987186197
411 -5.448317354832971e-16 -2.96592582646485 -0.2588190444464937
412 -4.193514031181897e-16 -2.282842712473825 -0.2828427124754125
413 -4.539896453677118e-16 -2.471404520790795 -0.09428090415844277
414 -4.366705242429315e-16 -2.377123616632206 -0.1885618083170322
415 -4.020322819935487e-16 -2.188561808315994 -0.3771236166332444
416 -3.847131608689013e-16 -2.094280904158127 -0.4714045207911104
417 1.499999999999999 -2.598076211353316 0
418 2.598076211353316 -1.500000000000001 0
419 0.5209445331185359 -2.954423259015862 0
420 1.026060430123003 -2.819077862304586 0
421 1.928362830358329 -2.298133328267186 0
422 2.298133330825664 -1.928362827309254 0
423 2.819077862074242 -1.026060430755871 0
424 2.954423259008527 -0.5209445331601382 0
425 0.9999999999999996 -1.732050807568878 1
426 1.732050807568877 -1 1
427 0.3472963553606128 -1.969615506019699 1
428 0.6840402866825984 -1.879385241560439 1
429 1.285575220122585 -1.532088885609046 1
430 1.532088886901973 -1.285575218581734 1
431 1.879385241448128 -0.684040286991168 1
432 1.969615506013288 -0.347296355396972 1
433 0.9999999999999996 -1.732050807568878 0.565685424949238
434 1.732050807568877 -1 0.565685424949238
435 0.3472963553606128 -1.969615506019699 0.565685424949238
436 0.6840402866825984 -1.879385241560439 0.565685424949238
437 1.285575220122585 -1.532088885609046 0.565685424949238
438 1.532088886901973 -1.285575218581734 0.565685424949238
439 1.879385241448128 -0.684040286991168 0.565685424949238
440 1.969615506013288 -0.347296355396972 0.565685424949238
441 1.282842712474618 -2.221948756125513 0
442 2.221948756125512 -1.28284271247462 0
443 0.4455265985392134 -2.52670689827511 0
444 0.8775160968473447 -2.410955661054502 0
445 1.649190802405175 -1.965429061823175 0
446 1.965429063349605 -1.649190800586047 0
447 2.410955660869979 -0.8775160973543177 0
448 2.526706898251113 -0.4455265986753071 0
449 0.4999999999999998 -0.8660254037844388 0
450 0.8660254037844385 -0.5000000000000002 0
451 0.1736481776803064 -0.9848077530098495 0
452 0.3420201433412992 -0.9396926207802194 0
453 0.6427876100612924 -0.7660444428045229 0
454 0.7660444434509865 -0.6427876092908669 0
455 0.9396926207240642 -0.342020143495584 0
456 0.984807753006644 -0.173648177698486 0
457 0.7171572875253807 -1.242152859012242 0
458 1.242152859012241 -0.7171572875253813 0
459 0.2490661122322274 -1.412524113755433 0
460 0.4905644766006154 -1.347814822036251 0
461 0.9219596377900283 -1.098748709436843 0
462 1.098748710436666 -0.9219596365984858 0
463 1.347814821958727 -0.4905644768136111 0
464 1.412524113757213 -0.249066112222131 0
465 0.9999999999999996 -1.732050807568878 -1
466 1.732050807568877 -1 -1
467 0.3472963553606128 -1.969615506019699 -1
468 0.6840402866825984 -1.879385241560439 -1
469 1.285575220122585 -1.532088885609046 -1
470 1.532088886901973 -1.285575218581734 -1
471 1.879385241448128 -0.684040286991168 -1
472 1.969615506013288 -0.347296355396972 -1
473 0.9999999999999996 -1.732050807568878 -0.565685424949238
474 1.732050807568877 -1 -0.565685424949238
475 0.3472963553606128 -1.969615506019699 -0.565685424949238
476 0.6840402866825984 -1.879385241560439 -0.565685424949238
477 1.285575220122585 -1.532088885609046 -0.565685424949238
478 1.532088886901973 -1.285575218581734 -0.565685424949238
479 1.879385241448128 -0.684040286991168 -0.565685424949238
480 1.969615506013288 -0.347296355396972 -0.565685424949238
481 2.565685423807221 0 0.5656854260912553
482 2.424264068141317 0 0.4242640692825397
483 2.801085390988988 0 0.2039729986203691
484 2.703058140832697 0 0.3961872704221973
485 2.540090878732992 0 0.2923745393690001
486 2.636244955890072 0 0.1491269513890775
487 2.396187268743553 0 0.7030581418017513
488 2.203972998216347 0 0.8010853910971776
489 2.1491269511874 0 0.6362449559439358
490 2.292374538530243 0 0.5400908792170052
491 1.434314574000479 0 0.5656854238989555
492 1.575735930763273 0 0.42426406818713
493 1.796027001319276 0 0.8010853909728538
494 1.603812729640939 0 0.7030581408691622
495 1.707625460662445 0 0.540090878751153
496 1.850873048580628 0 0.6362449558819914
497 1.296941858043294 0 0.3961872684753079
498 1.198914608734783 0 0.2039729975897647
499 1.363755043972215 0 0.1491269508741011
500 1.459909120705567 0 0.2923745383960809
501 1.434314576208043 0 -0.5656854261065193
502 1.575735931866369 0 -0.4242640692902258
503 1.198914609054133 0 -0.2039729987818955
504 1.296941859225255 0 -0.3961872705227651
505 1.459909121296051 0 -0.2923745394193136
506 1.363755044131725 0 -0.1491269514700019
507 1.603812731622738 0 -0.7030581420132415
508 1.796027002143742 0 -0.8010853911936698
509 1.850873048992659 0 -0.6362449559921965
510 1.707625461652944 0 -0.5400908793227924
511 2.565685425782423 0 -0.5656854241160532
512 2.424264069128124 0 -0.4242640682957328
513 2.203972998449077 0 -0.8010853910349529
514 2.396187270160532 0 -0.7030581409838089
515 2.292374539238197 0 -0.5400908788085702
516 2.149126951303488 0 -0.6362449559131016
517 2.703058141893352 0 -0.3961872685847768
518 2.801085391239733 0 -0.2039729976838551
519 2.636244956015048 0 -0.1491269509212164
520 2.540090879262675 0 -0.2923745384509337
521 2 0 -1.081640629586862e-13
522 2.188561808316943 0 0.1885618083158466
523 2.094280904158471 0 0.0942809041578692
524 2.094280904157942 0 -0.09428090415854294
525 2.188561808315884 0 -0.1885618083169777
526 2.377123616632858 0 -5.398714276297647e-13
527 2.282842712474902 0 0.09428090415765193
528 2.18856180831639 0 -4.773658713433684e-13
529 2.282842712474307 0 -0.0942809041588225
530 1.905719095841565 0 -0.09428090415804949
531 1.811438191683129 0 -0.1885618083159908
532 2.094280904157766 0 -0.2828427124749375
533 1.99999999999967 0 -0.1885618083164987
534 1.905719095841399 0 -0.2828427124744545
535 1.999999999999649 0 -0.3771236166328973
536 1.811438191684044 0 0.1885618083168336
537 1.905719095842022 0 0.09428090415836268
538 2.094280904158616 0 0.2828427124743098
539 2.00000000000029 0 0.3771236166327732
540 1.905719095842118 0 0.2828427124747549
541 2.000000000000295 0 0.188561808316312
542 1.811438191683551 0 2.825586593662049e-13
543 1.717157287525642 0 0.09428090415850907
544 1.622876383367263 0 2.074104383868896e-13
545 1.717157287525091 0 -0.09428090415778616
546 2.344423241780804 1.353553389736562 0.707106782899971
547 1.353553389736562 2.344423241780803 0.707106782899971
548 2.630411262422037 0.4623281818632644 0.741699566735174
549 2.500219219427651 0.915142218873672 0.7491158601750816
550 2.48205080534746 1.433012702308918 0.5000000029712537
551 2.569963493588718 1.483769105499919 0.2527247181635066
552 2.917643088180772 0.5141069701039689 0.2709575677087731
553 2.805763447629511 0.4936293599364459 0.5286247241834119
554 2.672302420236417 0.9761909850074527 0.5347318496306175
555 2.782946833684822 1.014947987799664 0.2721746116470181
556 2.059178408637703 1.710193339259153 0.7362152351339205
557 1.715976892844528 2.041459587274727 0.745184420084908
558 1.432446698510813 2.481070463006189 0.5019555844053012
559 1.483769118434877 2.569963483816924 0.2527247258017658
560 2.273685817299008 1.901329804140615 0.2662651159910994
561 2.190363982546029 1.825390851051115 0.5247263461944465
562 1.830727765192421 2.179242037912905 0.5329196608246135
563 1.905684679085888 2.268961980379279 0.2692277544264566
564 0.9153279779443181 2.499965365442374 0.7492701548579953
565 0.4601262616876021 2.624280638004652 0.7474542918782685
566 1.01571306855419 2.782552947561636 0.2725553837308233
567 0.9761010530886279 2.671220244874104 0.5363833249642993
568 0.4922916438323135 2.802443923424117 0.5342055211467882
569 0.5144092001318175 2.916682868490593 0.2741107757434169
570 1.956194673885932 1.12940952222497 0.9659258267330609
571 2.169782900890684 1.252724730841338 0.862856201749331
572 2.435153804426012 0.4288842081655468 0.8812591618871137
573 2.208620160231653 0.3890238693486671 0.9701215074049142
574 2.104256774869677 0.7682216616189519 0.9707474374949798
575 2.317888918481295 0.8478369013563249 0.8836842097971013
576 1.126362373135358 1.95091684162701 0.9675382213593758
577 1.252724740640119 2.169782891116173 0.8628562038380019
578 1.905964120938503 1.588379589710009 0.8766887538770033
579 1.721348829168728 1.438568935025014 0.9699439586909174
580 1.438311880497903 1.713117445726397 0.9715454386721762
581 1.590849695311738 1.893698549169715 0.8809356199594415
582 0.8469795671095257 2.317863453380552 0.8838527377772437
583 0.7660104249675682 2.101605590064175 0.9715451346540148
584 0.3870313456490894 2.206027006990658 0.9708419172901265
585 0.4269204278995056 2.430308475573115 0.8839819165428126
586 1.732050807568877 0.9999999999999999 0.7104569499661586
587 1.732050807568877 0.9999999999999997 0.8552284749830793
588 1.969615506036541 0.3472963552650973 0.7104569499659675
589 1.879385241572985 0.6840402866481281 0.7104569499660631
590 1.879385241572985 0.684040286648128 0.8552284749829332
591 1.969615506036541 0.3472963552650972 0.8552284749827871
592 1 1.732050807568877 0.7104569499661586
593 1 1.732050807568877 0.8552284749830793
594 1.532088885545138 1.285575220198746 0.7104569499661586
595 1.285575218598053 1.53208888688828 0.7104569499661586
596 1.285575218598053 1.532088886888279 0.8552284749830793
597 1.532088885545138 1.285575220198746 0.8552284749830793
598 0.6840402864401058 1.879385241648699 0.7104569499663048
599 0.3472963547794986 1.969615506122165 0.7104569499664509
600 0.3472963547794982 1.969615506122165 0.8552284749832705
601 0.6840402864401054 1.879385241648699 0.8552284749831749
602 1.976999781847883 1.141421356237707 0.282842712473824
603 1.141421356237707 1.976999781847883 0.282842712473824
604 2.14029909803297 1.235702260395648 0.09428090415794128
605 2.058649439940427 1.188561808316677 0.1885618083158828
606 2.113533978057976 0.7722234943654221 0.315495432602921
607 2.214885746966949 0.3864037118718299 0.3173467714840474
608 2.42276697388188 0.4258190576849493 0.1057826464597177
609 2.311815305302022 0.8424186347334313 0.1051653250567744
610 2.212674738811745 0.807321098137783 0.2103304930389703
611 2.318826578366121 0.4061114186489914 0.2115649554544784
612 1.235702260395528 2.140299098032983 0.09428090415799015
613 1.188561808316678 2.058649439940426 0.1885618083158828
614 1.442870387989046 1.724518597942646 0.3171660563011208
615 1.737069831668669 1.44177000794598 0.3082283697860686
616 1.889312434637313 1.580053086873986 0.102746279737732
617 1.580417518155405 1.885125791946282 0.1057222579173439
618 1.51164404277651 1.804822296834369 0.2114443083232878
619 1.813192587593597 1.510912783182003 0.2054895012837571
620 0.3923160092410481 2.214312690726508 0.3168874030230154
621 0.77286564075117 2.111416933088719 0.3172631416609119
622 0.8426327603030949 2.311109827275017 0.1057548156711687
623 0.4277897502032045 2.422575582164756 0.1056292219978037
624 0.4100528880520458 2.318444183474676 0.2112583602714252
625 0.807749282005094 2.211263602848027 0.2115092157711353
626 1.89535012375488 1.094280904158472 0.3771236166322959
627 1.813700465661879 1.047140452079235 0.4714045207907667
628 2.13312937372347 0.3733679917518927 0.4001267020542142
629 2.035484564859019 0.7428291522377272 0.3988922730324409
630 1.957434992686502 0.7134347520140835 0.4822889442055935
631 2.051372641559535 0.3603322090504238 0.4829062682890548
632 1.094280904158471 1.895350123754882 0.3771236166322953
633 1.047140452079236 1.813700465661879 0.4714045207907668
634 1.668745528794429 1.389707062473347 0.3940507044311445
635 1.390438814527587 1.660375539649796 0.4000060789674201
636 1.338007097437752 1.596232309666497 0.48284587778843
637 1.600418659428161 1.337642213456809 0.4798698586377141
638 0.7432573319301224 2.034073394207979 0.4000709545292025
639 0.3773094745341798 2.132747038451978 0.3998201545321368
640 0.3623029238373836 2.051181313261395 0.4827528315862507
641 0.7136488863782525 1.956729511252168 0.4828783975859089
642 2.472700392944049 1.427614237491539 0
643 2.347324574534781 1.355228474983079 0
644 2.669279018531464 0.4706659100101736 0
645 2.811851138786855 0.4958052214882955 0
646 2.683037128575165 0.9765456523072688 0
647 2.546996394827989 0.9270308745409451 0
648 1.42761423749154 2.472700392944048 0
649 1.355228474983079 2.34732457453478 0
650 2.076330483886746 1.742248145156849 0
651 2.187231906100165 1.835305487729942 0
652 1.835305485352436 2.187231908095129 0
653 1.742248143004004 2.076330485693198 0
654 0.9270308741648405 2.54699639496488 0
655 0.9765456518203244 2.683037128752398 0
656 0.4958052206190869 2.81185113894012 0
657 0.4706659092194925 2.669279018670882 0
658 1.571029220942266e-16 2.565685423807221 0.5656854260912553
659 1.484433615668602e-16 2.424264068141317 0.4242640692825397
660 1.715170129106507e-16 2.801085390988937 0.2039729986204198
661 1.655145750039967e-16 2.703058140832678 0.3961872704222169
662 1.555357082091849e-16 2.540090878732953 0.2923745393690392
663 1.614234473499503e-16 2.63624495588997 0.1491269513891791
664 1.467241534412165e-16 2.396187268743471 0.7030581418020757
665 1.349544238836474e-16 2.203972998216432 0.8010853910975756
666 1.315960720866584e-16 2.149126951187571 0.6362449559442485
667 1.403674570528875e-16 2.292374538530078 0.5400908792174125
668 1.119678370508429 0.6464466086188428 0.7071067796107811
669 0.6464466086188431 1.119678370508429 0.7071067796107811
670 1.255523223320478 0.2177058209803859 0.6879673566321529
671 1.196507400570604 0.4379521038334862 0.6878421634617058
672 1.294318718271233 0.7472752600649342 0.8628562011273212
673 1.50790693850373 0.8705904770251192 0.9659258259948948
674 1.708018583765768 0.3000391162251432 0.9640203490969085
675 1.460814554188642 0.2547285518661471 0.8558991975994793
676 1.391137702873682 0.5081134538650034 0.8547911275510711
677 1.628901661919379 0.5936622524405096 0.9638933674706825
678 0.9775313549649027 0.817229746142779 0.6878421647237976
679 0.8177404599681547 0.9770182987476755 0.6877726717000181
680 0.747275259299544 1.294318718066832 0.8628562007994497
681 0.8736376335578538 1.513184769140201 0.9675382212448653
682 1.329700446343505 1.115976742759398 0.9645078073989746
683 1.134545638267806 0.9501748609302421 0.8540893385376553
684 0.9504680770586011 1.134284862575587 0.8540822693347334
685 1.11591767355792 1.332161060511398 0.9650117175751752
686 0.4379521140313901 1.196507397987175 0.6878421646005967
687 0.2196733085583588 1.254993300304984 0.687772808533602
688 0.5957755398272381 1.633020209279946 0.9651505635204375
689 0.5074416634005136 1.392233574158617 0.8552758503142671
690 0.2560733587758221 1.461663192517473 0.8565432869014857
691 0.3016983969368053 1.709850513142025 0.9645947449034792
692 0.8941381250388633 0.516230887772537 0.252724716856124
693 0.9820508064903151 0.5669872977027081 0.4999999980313534
694 1.109243186482434 0.1931963041260869 0.4858214823824157
695 1.016342082009636 0.1778230865301167 0.2501043756156496
696 0.9688957031242982 0.3531135870696159 0.2479852600632512
697 1.057501714180767 0.3864219394062552 0.4857308144961173
698 0.5162308868214562 0.8941381257447495 0.2527247173759286
699 0.5675533016243399 0.9830311545485779 0.5019555881284129
700 0.8637016806993292 0.7230573658616428 0.4866570960522685
701 0.7899458015370863 0.6619828197301342 0.2456766247758701
702 0.6621646988883264 0.7897847960185108 0.245650762033888
703 0.7233334838270166 0.8637089771120697 0.4869851975303628
704 0.3868295634497551 1.058096179577536 0.4869852854281581
705 0.3531235075551431 0.9688146992814946 0.2477010446425794
706 0.1785549250330838 1.016109951807142 0.2497082167710559
707 0.1947546772034319 1.109254095438369 0.4863234371005504
708 1.116777040602974 0.6447715250169206 0
709 0.9914012221937063 0.5723857625084601 0
710 1.269951993517336 0.2239268006574785 0
711 1.211774088283759 0.4410496988492668 0
712 1.075733354535126 0.3915349210866653 0
713 1.127379873267803 0.1987874891450135 0
714 0.6447715250169208 1.116777040602974 0
715 0.5723857625084604 0.9914012221937062 0
716 0.9878472872107618 0.8289022952320264 0
717 0.8289022942157031 0.9878472880635581 0
718 0.7358449517576867 0.8769458657535788 0
719 0.8769458649916654 0.7358449526656998 0
720 0.4410496986700321 1.211774088348758 0
721 0.2239268003235597 1.269951993575761 0
722 0.1987874888566398 1.127379873318198 0
723 0.3915349209450115 1.075733354586447 0
724 1.487101833291153 0.8585786437630331 0.2828427124753044
725 0.8585786437630334 1.487101833291153 0.2828427124753044
726 1.650401149476303 0.9528595479210108 0.4714045207912602
727 1.568751491383728 0.905719095842022 0.3771236166332824
728 1.588159628180934 0.5813067690929975 0.2568887138465673
729 1.666040250379988 0.2906533935514511 0.2568889937336665
730 1.868424075027888 0.3284154244281788 0.4627529554146559
731 1.782310344300559 0.649795889389875 0.4627528621450683
732 1.68523515746145 0.6155513897793938 0.3598206064234382
733 1.767232341587284 0.3095344402222621 0.3598207929847116
734 0.9528595479210115 1.650401149476303 0.4714045207912606
735 0.9057190958420221 1.568751491383727 0.377123616633282
736 1.084945507118167 1.296754779793037 0.2564484811850858
737 1.303054586028282 1.082044869064634 0.2594304922006343
738 1.45574612246608 1.217733445689498 0.4635978354218203
739 1.218698779869829 1.453644339133962 0.4626062405745034
740 1.151822216941905 1.375199645660786 0.3595272476489199
741 1.379401472855162 1.149890086974769 0.3615127093610307
742 0.2906668830737824 1.666029605818735 0.2568808259542067
743 0.5813067691436784 1.588159627657936 0.2568887133728552
744 0.6497958922655299 1.782310343065284 0.4627528619695051
745 0.328419941121454 1.868420520862027 0.4627502368374744
746 0.3095434564780183 1.767225238729254 0.3598153521981055
747 0.6155513930965979 1.685235155891011 0.3598206060864241
748 1.405452175197758 0.8114381916833701 0.1885618083162792
749 1.32380251710522 0.7642977396045961 0.09428090415844038
750 1.581535222575677 0.2767910261448416 0.171259133130152
751 1.508045016321197 0.5510594563532483 0.1712589348476597
752 1.427930098560467 0.5208120341809196 0.08562935198160522
753 1.497029852354702 0.2629286004271726 0.08562944620914364
754 0.8114381916833708 1.405452175197907 0.188561808316409
755 0.7642977396045962 1.32380251710522 0.09428090415844088
756 1.234954385613725 1.028684473636842 0.1729514517313887
757 1.030616994153027 1.230752888630865 0.170965481982976
758 0.9762883769542989 1.164750872859181 0.0854826452395912
759 1.166852529045629 0.9753228046913281 0.08647449575792163
760 0.5510594382251556 1.50804494991918 0.1712588662572851
761 0.27680000643822 1.581528044414686 0.1712536106188288
762 0.2629330855022138 1.497026228892043 0.08562665323487346
763 0.5208120131633864 1.427930029177323 0.08562927959704983
764 8.782643760100436e-17 1.434314574000479 0.5656854238989555
765 9.648599819553591e-17 1.575735930763273 0.42426406818713
766 1.099749359173961e-16 1.796027001319317 0.8010853909733784
767 9.820520628933011e-17 1.603812729640977 0.7030581408694415
768 1.04561902727144e-16 1.70762546066252 0.5400908787514699
769 1.133332877286236e-16 1.850873048580711 0.636244955882557
770 7.941478475663737e-17 1.296941858043136 0.3961872684753727
771 7.341234690188017e-17 1.198914608734415 0.2039729975898436
772 8.350591247106385e-17 1.363755043971925 0.1491269508742588
773 8.939365158589923e-17 1.459909120705473 0.2923745383962105
774 1.119678373376733 0.6464466102748588 -0.7071067829228128
775 0.6464466102748591 1.119678373376733 -0.7071067829228128
776 1.255523227483124 0.2177058219219582 -0.6879673611284947
777 1.196507403566232 0.4379521051578688 -0.6878421669106803
778 0.9820508078426696 0.5669872984833867 -0.5000000007359726
779 0.8941381252654879 0.5162308878264538 -0.2527247177107097
780 1.016342082463897 0.177823086652914 -0.2501043774298264
781 1.109243188591518 0.1931963046064977 -0.4858214862689715
782 1.057501715663806 0.3864219401202122 -0.48573081744381
783 0.9688957033806674 0.3531135871930819 -0.2479852611693792
784 0.9775313574801066 0.8172297484524264 -0.6878421683234222
785 0.8177404626478855 0.9770183018407175 -0.687772676018829
786 0.5675533023246238 0.983031156089081 -0.5019555910304675
787 0.516230886889202 0.8941381257288032 -0.2527247174527384
788 0.789945801698091 0.6619828198159217 -0.2456766254801829
789 0.8637016818390176 0.7230573670310395 -0.486657098968461
790 0.7233334850744289 0.8637089787146289 -0.4869852011703216
791 0.6621646991107915 0.7897847960898101 -0.2456507628134995
792 0.4379521150336572 1.196507401417262 -0.6878421683632709
793 0.2196733090831228 1.254993304299787 -0.6877728127823638
794 0.353123507553276 0.9688146995259551 -0.2477010455384277
795 0.3868295637502994 1.058096181336139 -0.4869852885755439
796 0.1947546774433634 1.109254097562416 -0.4863234409338841
797 0.1785549250194856 1.016109952236924 -0.2497082184033916
798 1.507906939809997 0.8705904777792132 -0.9659258263990446
799 1.294318718491048 0.7472752610267932 -0.8628562015205565
800 1.460814557116705 0.2547285527900479 -0.8558991994382392
801 1.70801858533114 0.3000391166390939 -0.964020349541799
802 1.62890166318556 0.5936622529858567 -0.9638933678509245
803 1.39113770406064 0.5081134549079771 -0.8547911284452215
804 0.8736376333826656 1.51318476866143 -0.967538221113683
805 0.7472752599439385 1.294318720303942 -0.862856202123088
806 1.134545638642225 0.9501748624855126 -0.8540893393205848
807 1.329700447280741 1.11597674320968 -0.9645078076747647
808 1.11591767422814 1.33216106071794 -0.9650117177351361
809 0.9504680781211767 1.134284864938164 -0.854082270853175
810 0.5074416637809431 1.392233576973608 -0.8552758519955551
811 0.5957755396538834 1.633020209451435 -0.9651505635480095
812 0.30169839689369 1.709850514091034 -0.9645947451569586
813 0.256073358995098 1.461663195877151 -0.8565432889181543
814 1.732050807568877 0.9999999999999999 -0.7104569499661586
815 1.732050807568877 0.9999999999999997 -0.8552284749830793
816 1.969615506036541 0.3472963552650973 -0.7104569499659675
817 1.879385241572985 0.6840402866481281 -0.7104569499660631
818 1.879385241572985 0.684040286648128 -0.8552284749829332
819 1.969615506036541 0.3472963552650972 -0.8552284749827871
820 1 1.732050807568877 -0.7104569499661586
821 1 1.732050807568877 -0.8552284749830793
822 1.532088885545138 1.285575220198746 -0.7104569499661586
823 1.285575218598053 1.53208888688828 -0.7104569499661586
824 1.285575218598053 1.532088886888279 -0.8552284749830793
825 1.532088885545138 1.285575220198746 -0.8552284749830793
826 0.6840402864401058 1.879385241648699 -0.7104569499663048
827 0.3472963547794986 1.969615506122165 -0.7104569499664509
828 0.3472963547794982 1.969615506122165 -0.8552284749832705
829 0.6840402864401054 1.879385241648699 -0.8552284749831749
830 1.487101833289965 0.8585786437623469 -0.2828427124739322
831 0.8585786437623473 1.487101833289965 -0.2828427124739322
832 1.323802517104824 0.7642977396043674 -0.09428090415798329
833 1.405452175197043 0.8114381916829136 -0.1885618083154315
834 1.588159627802363 0.581306768718635 -0.2568887133623846
835 1.666040250427397 0.2906533935726384 -0.2568889937840118
836 1.497029852370586 0.2629286004342639 -0.08562944622601504
837 1.427930098067177 0.5208120338000253 -0.08562935138766362
838 1.508045016067908 0.5510594561029746 -0.1712589345238583
839 1.581535222607295 0.2767910261586856 -0.1712591331636837
840 0.7642977396043675 1.323802517104824 -0.09428090415798343
841 0.8114381916829134 1.405452175197115 -0.1885618083154941
842 1.084945506496727 1.296754781356136 -0.2564484819851548
843 1.303054589118519 1.082044868287347 -0.2594304940814897
844 1.166852530073509 0.9753228044367318 -0.08647449638330133
845 0.9762883767472949 1.164750873380385 -0.08548264550605857
846 1.030616993738897 1.230752889673095 -0.1709654825161653
847 1.234954387677037 1.028684473117101 -0.1729514529841039
848 0.2906668830316718 1.666029605476864 -0.2568808256101854
849 0.5813067692051443 1.588159627538949 -0.2568887132822449
850 0.5208120131819196 1.427930029138253 -0.08562927956669598
851 0.2629330854881787 1.497026228777927 -0.08562665312004984
852 0.2768000064101431 1.581528044186657 -0.1712536103893734
853 0.5510594382685852 1.508044949839016 -0.1712588661968968
854 1.568751491382936 0.9057190958415644 -0.3771236166323674
855 1.650401149475907 0.952859547920782 -0.4714045207908026
856 1.767232341618956 0.3095344402363853 -0.3598207930183451
857 1.685235157209061 0.6155513895297432 -0.3598206061007164
858 1.782310344176109 0.6497958892604573 -0.4627528619838176
859 1.868424075043722 0.3284154244352456 -0.4627529554314746
860 0.9057190958415653 1.568751491382935 -0.3771236166323675
861 0.9528595479207821 1.650401149475907 -0.4714045207908033
862 1.379401474916578 1.149890086457623 -0.3615127106132996
863 1.151822216527372 1.375199646703359 -0.3595272481820092
864 1.21869877966334 1.453644339654738 -0.4626062408409219
865 1.455746123497337 1.217733445431388 -0.4635978360472114
866 0.615551393137584 1.685235155811639 -0.3598206060259319
867 0.3095434564485825 1.767225238501317 -0.3598153519685079
868 0.3284199411076072 1.868420520747904 -0.4627502367226773
869 0.6497958922860259 1.782310343025589 -0.4627528619392323
870 8.782643773617865e-17 1.434314576208043 -0.5656854261065193
871 9.6485998263081e-17 1.575735931866369 -0.4242640692902258
872 7.341234692142734e-17 1.198914609053645 -0.2039729987818543
873 7.941478482900967e-17 1.296941859225065 -0.3961872705227994
874 8.939365162205221e-17 1.459909121295896 -0.2923745394193821
875 8.350591248081632e-17 1.363755044131196 -0.1491269514699196
876 9.820520641067374e-17 1.603812731622669 -0.7030581420134143
877 1.099749359678755e-16 1.79602700214371 -0.8010853911941209
878 1.133332877538441e-16 1.850873048992594 -0.6362449559926149
879 1.045619027877815e-16 1.707625461652806 -0.5400908793228962
880 2.344423244347355 1.353553391218361 -0.7071067799363734
881 1.353553391218361 2.344423244347354 -0.7071067799363734
882 2.62973096824362 0.4576691261912613 -0.743028796783551
883 2.500219222751506 0.9151422202104768 -0.7491158570085765
884 2.169782901693544 1.252724731939756 -0.8628562010203163
885 1.956194675055133 1.129409522899381 -0.965925826371393
886 2.208205076303793 0.3876797322686805 -0.970281742754574
887 2.434518942038097 0.4257974618881453 -0.8818797213144158
888 2.317888920188349 0.8478369022730909 -0.8836842087810921
889 2.104256775642309 0.7682216620682594 -0.9707474372773561
890 2.05917841003374 1.710193342421101 -0.7362152322897093
891 1.715976896398156 2.041459589139703 -0.7451844167611148
892 1.252724742209936 2.169782891521026 -0.8628562031728292
893 1.126362372041283 1.95091684231225 -0.9675382213472568
894 1.721348829441461 1.438568936190628 -0.9699439584509013
895 1.905964121288582 1.588379591216925 -0.8766887532000649
896 1.590849697544684 1.893698549463736 -0.8809356190669348
897 1.438311880645385 1.71311744656883 -0.9715454384917671
898 0.915327979765482 2.499965367876048 -0.74927015228462
899 0.4601262631500244 2.624280640617376 -0.7474542893665874
900 0.766010424527873 2.101605590586423 -0.9715451345711019
901 0.8469795687829929 2.317863454172427 -0.8838527370796407
902 0.4269204291509689 2.430308476970076 -0.8839819157006142
903 0.3870313456519369 2.206027007796258 -0.9708419170940784
904 2.569963496272175 1.483769101338777 -0.2527247172317777
905 2.482050806558312 1.433012703006413 -0.5000000005509285
906 2.805569805023217 0.4904129945933355 -0.5298212343785113
907 2.917710292391545 0.5124586683963542 -0.2717357871809881
908 2.782946835235109 1.014947984921416 -0.2721746099843778
909 2.67230242254126 0.976190984862328 -0.5347318462881507
910 1.483769117053325 2.569963486503758 -0.2527247195381112
911 1.432446698708777 2.481070467603453 -0.5019555773747006
912 2.190363983240174 1.825390853971875 -0.5247263422958229
913 2.273685819076609 1.901329803178502 -0.2662651132888856
914 1.905684680817314 2.268961981329586 -0.2692277478399718
915 1.830727767300274 2.179242040929795 -0.5329196550041047
916 0.9761010535065507 2.671220248305465 -0.5363833196674785
917 1.01571306881284 2.782552948458628 -0.2725553804432658
918 0.5144092006776481 2.916682868860453 -0.2741107741328992
919 0.4922916442539468 2.802443925822205 -0.5342055172937188
920 1.976999781846508 1.141421356236912 -0.2828427124754125
921 1.141421356236913 1.976999781846508 -0.2828427124754125
922 1.813700465661421 1.047140452078971 -0.4714045207912962
923 1.895350123753964 1.094280904157943 -0.3771236166333546
924 2.11353397758603 0.772223507456772 -0.3154954285534972
925 2.214885745848551 0.3864037181860612 -0.3173467715006284
926 2.051372641185515 0.3603322111549563 -0.4829062682933397
927 1.957434992530724 0.7134347563784309 -0.4822889428574332
928 2.035484564545856 0.7428291609658325 -0.3988922703344199
929 2.133129372976676 0.3733679959611776 -0.4001267020640947
930 1.04714045207897 1.813700465661422 -0.471404520791296
931 1.094280904157941 1.895350123753965 -0.3771236166333544
932 1.442870384911756 1.724518600487317 -0.3171660563241562
933 1.737069838061917 1.441770001835533 -0.3082283687691457
934 1.600418661558491 1.337642211428429 -0.4798698583039483
935 1.338007096412372 1.596232310515176 -0.4828458777967248
936 1.390438812476441 1.660375541346699 -0.4000060789833491
937 1.668745533091638 1.389707058369858 -0.3940507037550177
938 0.3923160095255015 2.214312693719343 -0.3168874000264505
939 0.7728656512072113 2.111416931304655 -0.3172631397421388
940 0.7136488898583052 1.956729510661293 -0.4828783969486185
941 0.3623029239325534 2.051181314258923 -0.4827528305873747
942 0.3773094747236012 2.132747040447474 -0.3998201525341559
943 0.7432573389043837 2.034073393019923 -0.4000709532514691
944 2.058649439939509 1.188561808316148 -0.1885618083169418
945 2.140299098032511 1.235702260395383 -0.0942809041584709
946 2.318826576382649 0.4061114319136505 -0.2115649551199152
947 2.212674738499414 0.8073211068642647 -0.2103304903412941
948 2.311815305147058 0.8424186390961674 -0.1051653237086845
949 2.422766972466435 0.4258190410341298 -0.1057826507361188
950 1.188561808316148 2.05864943993951 -0.1885618083169414
951 1.235702260395277 2.140299098032522 -0.09428090415851449
952 1.813192591860017 1.510912779111945 -0.2054895006116359
953 1.511644040723539 1.804822298532929 -0.2114443083393291
954 1.580417517130164 1.885125792795004 -0.1057222579256206
955 1.8893124367468 1.580053084837062 -0.1027462794263028
956 0.8077492889765855 2.211263601660797 -0.2115092144942816
957 0.4100528882416756 2.318444185469798 -0.2112583582737684
958 0.4277897502980227 2.422575583162358 -0.105629220998913
959 0.8426327637892151 2.311109826682432 -0.105754815033756
960 1.571029222151729e-16 2.565685425782423 -0.5656854241160532
961 1.484433616272847e-16 2.424264069128124 -0.4242640682957329
962 1.349544238978975e-16 2.203972998449154 -0.8010853910353598
963 1.467241535279891e-16 2.396187270160576 -0.7030581409840068
964 1.403674570962527e-16 2.292374539238285 -0.5400908788087239
965 1.315960720937656e-16 2.149126951303641 -0.636244955913432
966 1.655145750689454e-16 2.703058141893371 -0.3961872685847572
967 1.715170129260103e-16 2.801085391239778 -0.2039729976838101
968 1.614234473576147e-16 2.636244956015138 -0.1491269509211264
969 1.555357082416234e-16 2.540090879262714 -0.2923745384508947
970 1.224646799147353e-16 2 -1.081640629586862e-13
971 1.340107606645744e-16 2.188561808316943 0.1885618083158466
972 1.282377202896548e-16 2.094280904158471 0.0942809041578692
973 1.282377202896224e-16 2.094280904157942 -0.09428090415854296
974 1.340107606645095e-16 2.188561808315884 -0.1885618083169777
975 1.455568414143497e-16 2.377123616632847 -3.483348262355789e-13
976 1.397838010394629e-16 2.282842712474908 0.09428090415773603
977 1.340107606645405e-16 2.18856180831639 -4.382906468058322e-13
978 1.397838010394253e-16 2.282842712474295 -0.09428090415873269
979 1.16691639539818e-16 1.905719095841565 -0.09428090415804949
980 1.109185991649007e-16 1.811438191683129 -0.1885618083159908
981 1.28237720289615e-16 2.094280904157821 -0.282842712474817
982 1.224646799147136e-16 1.999999999999645 -0.1885618083163858
983 1.166916395398041e-16 1.905719095841338 -0.28284271247424
984 1.224646799147192e-16 1.999999999999737 -0.3771236166326791
985 1.109185991649567e-16 1.811438191684044 0.1885618083168336
986 1.16691639539846e-16 1.905719095842022 0.09428090415836268
987 1.282377202896561e-16 2.094280904158492 0.2828427124745164
988 1.224646799147686e-16 2.000000000000543 0.3771236166326845
989 1.166916395398618e-16 1.905719095842279 0.2828427124747446
990 1.224646799147506e-16 2.00000000000025 0.1885618083164324
991 1.109185991649326e-16 1.81143819168365 3.130481591799732e-13
992 1.051455587900469e-16 1.717157287525731 0.09428090415867979
993 9.937251841513222e-17 1.622876383367339 4.474684118864641e-13
994 1.051455587900167e-16 1.717157287525238 -0.09428090415777589
995 -1.353553389736561 2.344423241780804 0.707106782899971
996 -2.344423241780803 1.353553389736562 0.707106782899971
997 -0.4601262613650803 2.624280637682062 0.7474542922101728
998 -0.9153279790733686 2.49996536696545 0.7492701532507398
999 -1.432446697954652 2.481070467257321 0.5019555785408966
1000 -1.483769113671202 2.569963488792633 0.2527247184234188
1001 -0.5144092022402603 2.916682868319879 0.2741107750484296
1002 -0.4922916443841075 2.802443924372519 0.5342055195175441
1003 -0.9761010539445458 2.67122024806697 0.536383319783411
1004 -1.015713067590484 2.782552949722003 0.2725553777334585
1005 -1.71597689109047 2.041459587334426 0.7451844210540216
1006 -2.05917840626849 1.7101933403611 0.7362152361621246
1007 -2.482050805349076 1.433012702307988 0.5000000029696354
1008 -2.569963490778893 1.483769111253662 0.252724716465632
1009 -1.905684676028042 2.26896198489666 0.2692277490874103
1010 -1.830727764852319 2.179242040670784 0.5329196578191132
1011 -2.19036398220632 1.825390852481214 0.5247263451325016
1012 -2.273685814888224 1.90132980835378 0.2662651129019021
1013 -2.500219220444581 0.9151422196853868 0.7491158590838846
1014 -2.629730972119034 0.4576691651408232 0.7430287873293581
1015 -2.782946832355999 1.014947992693326 0.2721746101327585
1016 -2.672302420993099 0.9761909833948827 0.5347318493818279
1017 -2.805569805102744 0.4904130223177423 0.5298212266114091
1018 -2.91771028984617 0.5124586898166491 0.2717357829364788
1019 -1.126362376928509 1.950916840071911 0.9675382212157607
1020 -1.25272474042377 2.169782891596549 0.8628562036576716
1021 -0.4269204277688209 2.430308475404049 0.8839819166428386
1022 -0.3870313472944904 2.206027006498127 0.9708419173397057
1023 -0.7660104280606361 2.101605589462943 0.9715451345334984
1024 -0.8469795678055829 2.31786345487291 0.8838527369089791
1025 -1.956194673887033 1.129409522224871 0.9659258267328187
1026 -2.169782898629478 1.252724734515692 0.8628562018202615
1027 -1.590849693574006 1.893698549734454 0.8809356203276079
1028 -1.438311883389132 1.713117443165334 0.971545438697125
1029 -1.721348829740531 1.43856893362777 0.9699439588056271
1030 -1.905964117977933 1.588379591908796 0.8766887543525578
1031 -2.317888918214792 0.8478369042579444 0.883684209401694
1032 -2.104256775392768 0.7682216618858296 0.9707474373508084
1033 -2.208205079701602 0.3876797432099227 0.9702817414481303
1034 -2.434518946202092 0.4257974885123264 0.8818797166692388
1035 -0.9999999999999998 1.732050807568877 0.7104569499661586
1036 -0.9999999999999996 1.732050807568877 0.8552284749830793
1037 -0.3472963552650972 1.969615506036541 0.8552284749832705
1038 -0.3472963552650971 1.969615506036541 0.710456949966451
1039 -0.6840402866481279 1.879385241572985 0.7104569499663048
1040 -0.6840402866481279 1.879385241572985 0.8552284749831749
1041 -1.732050807568877 1 0.7104569499661586
1042 -1.732050807568877 1 0.8552284749830793
1043 -1.285575220198747 1.532088885545138 0.8552284749830793
1044 -1.285575220198747 1.532088885545138 0.7104569499661587
1045 -1.532088886888279 1.285575218598053 0.7104569499661586
1046 -1.532088886888279 1.285575218598054 0.8552284749830793
1047 -1.879385241648699 0.6840402864401055 0.8552284749831749
1048 -1.879385241648699 0.6840402864401059 0.7104569499663048
1049 -1.969615506122165 0.3472963547794983 0.7104569499664509
1050 -1.969615506122165 0.3472963547794979 0.8552284749832705
1051 -1.141421356237706 1.976999781847883 0.282842712473824
1052 -1.976999781847883 1.141421356237707 0.282842712473824
1053 -0.3923160084724476 2.214312693691728 0.3168874002373543
1054 -0.7728656520617683 2.111416928171774 0.3172631423903779
1055 -1.094280904158471 1.895350123754883 0.3771236166322945
1056 -1.047140452079235 1.813700465661879 0.4714045207907667
1057 -0.3623029239055157 2.051181314192483 0.4827528306575049
1058 -0.3773094741835814 2.132747040400081 0.3998201526748986
1059 -0.7432573395421495 2.034073390906386 0.4000709550177416
1060 -0.7136488902871206 1.956729509565438 0.4828783978312092
1061 -1.442870382940926 1.724518599842289 0.3171660580835429
1062 -1.737069829960944 1.441770005168181 0.3082283728742263
1063 -1.895350123754881 1.094280904158472 0.3771236166322954
1064 -1.813700465661879 1.047140452079236 0.4714045207907668
1065 -1.338007096822892 1.596232309405142 0.4828458783837096
1066 -1.39043881169644 1.660375540469356 0.4000060801567741
1067 -1.668745528141638 1.389707060045358 0.3940507064865246
1068 -1.600418659748264 1.337642211469017 0.4798698596668826
1069 -2.113533954729322 0.7722235032542265 0.3154954514643324
1070 -2.21488574305681 0.3864037125998344 0.3173467752108914
1071 -1.957434984962896 0.7134347548390881 0.4822889504948429
1072 -2.035484549333704 0.7428291580949761 0.3988922856089076
1073 -2.133129371144743 0.3733679920753109 0.400126704538564
1074 -2.051372640313053 0.3603322089693052 0.4829062695307746
1075 -1.235702260395471 2.140299098032991 0.09428090415801162
1076 -1.188561808316677 2.058649439940427 0.1885618083158824
1077 -0.4100528877769941 2.318444185409442 0.2112583584141317
1078 -0.4277897504217216 2.422575583069265 0.1056292210690773
1079 -0.8426327642509797 2.311109825574114 0.1057548159168489
1080 -0.8077492896348317 2.211263599540408 0.2115092162600969
1081 -2.140299098032969 1.235702260395649 0.09428090415794134
1082 -2.058649439940426 1.188561808316678 0.1885618083158827
1083 -1.511644040052802 1.804822297564009 0.2114443095128038
1084 -1.580417517763844 1.885125791497773 0.1057222585126065
1085 -1.889312435137146 1.580053084660912 0.1027462807740683
1086 -1.813192586993722 1.510912780686981 0.2054895033418283
1087 -2.212674723290539 0.8073211039851024 0.2103305056157234
1088 -2.311815297594031 0.8424186375163014 0.1051653313461392
1089 -2.422766972661516 0.425819057453492 0.1057826477017252
1090 -2.318826575800751 0.4061114188966606 0.2115649579386616
1091 -1.427614237491539 2.472700392944049 0
1092 -1.355228474983079 2.347324574534781 0
1093 -0.4706659111782658 2.669279018325498 0
1094 -0.4958052238244801 2.811851138374923 0
1095 -0.9765456539938486 2.6830371279613 0
1096 -0.9270308753842356 2.546996394521057 0
1097 -2.472700392944048 1.42761423749154 0
1098 -2.34732457453478 1.35522847498308 0
1099 -1.74224814483477 2.076330484157002 0
1100 -1.835305487085902 2.187231906640579 0
1101 -2.187231908297798 1.835305485110905 0
1102 -2.076330485794532 1.742248142883238 0
1103 -2.546996394823451 0.9270308745534147 0
1104 -2.68303712846954 0.9765456525974717 0
1105 -2.811851138655546 0.4958052222329827 0
1106 -2.669279018528596 0.4706659100264405 0
1107 -2.565685423807221 3.142058441884533e-16 0.5656854260912553
1108 -2.424264068141317 2.968867231337204e-16 0.4242640692825397
1109 -2.801085390988937 3.430340258213014e-16 0.2039729986204198
1110 -2.703058140832678 3.310291500079934e-16 0.3961872704222169
1111 -2.540090878732953 3.110714164183698e-16 0.2923745393690392
1112 -2.63624495588997 3.228468946999006e-16 0.1491269513891791
1113 -2.396187268743471 2.93448306882433e-16 0.7030581418020757
1114 -2.203972998216432 2.699088477672948e-16 0.8010853910975756
1115 -2.149126951187571 2.631921441733168e-16 0.6362449559442485
1116 -2.292374538530078 2.80734914105775e-16 0.5400908792174125
1117 -0.6464466086188427 1.119678370508429 0.7071067796107811
1118 -1.119678370508429 0.6464466086188432 0.7071067796107811
1119 -0.219673307874611 1.254993300421726 0.6877728085305453
1120 -0.4379521136333004 1.196507398133182 0.6878421646008905
1121 -0.7472752601401883 1.294318717280432 0.8628562006467236
1122 -0.8736376333068145 1.513184769277219 0.9675382212430738
1123 -0.301698396975182 1.70985051319394 0.9645947449192809
1124 -0.2560733588256577 1.46166319239724 0.8565432868353128
1125 -0.5074416638227913 1.392233573735596 0.8552758501610834
1126 -0.5957755398516477 1.633020209414492 0.9651505635569777
1127 -0.817740459830994 0.9770182997468349 0.6877726724158059
1128 -0.9775313548707663 0.8172297465922996 0.6878421649518407
1129 -1.294318718066831 0.7472752592995439 0.8628562007994494
1130 -1.507906938503928 0.8705904770250764 0.965925825994935
1131 -1.115917674634557 1.332161060104402 0.9650117176782532
1132 -0.9504680780291997 1.134284861955926 0.8540822694251259
1133 -1.134545638912444 0.9501748599208422 0.8540893384439401
1134 -1.329700447347751 1.115976742019541 0.9645078074793554
1135 -1.196507400300376 0.4379521043906684 0.6878421633960194
1136 -1.255523223149303 0.217705821529223 0.6879673565531519
1137 -1.628901661799441 0.5936622523910166 0.9638933674348691
1138 -1.391137702491223 0.5081134537348689 0.8547911273058548
1139 -1.460814553921857 0.2547285519566747 0.8558991974500777
1140 -1.70801858378169 0.3000391161408239 0.9640203490972099
1141 -0.516230887562648 0.8941381251726502 0.2527247168979241
1142 -0.5675533016341638 0.9830311535832603 0.5019555866964269
1143 -0.1947546768166715 1.109254095258592 0.4863234366622442
1144 -0.1785549252113783 1.016109951717589 0.249708216548688
1145 -0.3531235080040104 0.9688146990510111 0.2477010443968239
1146 -0.386829563122221 1.058096179044506 0.4869852843285859
1147 -0.8941381256366205 0.516230886759028 0.2527247168979248
1148 -0.9820508064905376 0.5669872977026311 0.4999999980316205
1149 -0.723333483836501 0.8637089768101163 0.4869851971260968
1150 -0.6621646999735196 0.7897847951054648 0.2456507620241897
1151 -0.7899458025528685 0.6619828184872092 0.2456766246978411
1152 -0.8637016807629582 0.7230573655263501 0.4866570957534935
1153 -1.057501713999802 0.3864219397721916 0.4857308144162546
1154 -0.9688957032910177 0.3531135865298513 0.2479852599531489
1155 -1.016342082053188 0.1778230862566578 0.2501043755992766
1156 -1.109243186381737 0.1931963044482742 0.4858214823033973
1157 -0.6447715250169205 1.116777040602974 0
1158 -0.57238576250846 0.9914012221937063 0
1159 -0.1987874891449145 1.127379873267367 0
1160 -0.2239268006573365 1.269951993516907 0
1161 -0.4410496988492625 1.211774088283524 0
1162 -0.391534921086175 1.075733354535068 0
1163 -1.116777040602974 0.6447715250169209 0
1164 -0.9914012221937062 0.5723857625084605 0
1165 -0.7358449526656997 0.8769458649916654 0
1166 -0.8289022952320261 0.9878472872107618 0
1167 -0.9878472880635524 0.8289022942157103 0
1168 -0.8769458657535787 0.7358449517576867 0
1169 -1.07573335458648 0.3915349209449195 0
1170 -1.211774088348802 0.4410496986699124 0
1171 -1.26995199357575 0.2239268003236289 0
1172 -1.12737987331826 0.1987874888562871 0
1173 -0.8585786437630329 1.487101833291153 0.2828427124753044
1174 -1.487101833291153 0.8585786437630335 0.2828427124753044
1175 -0.290666882717615 1.666029605823867 0.2568808258980484
1176 -0.5813067687651718 1.588159627582554 0.2568887131719643
1177 -0.8114381916833158 1.405452175197859 0.1885618083163399
1178 -0.764297739604596 1.32380251710522 0.09428090415844058
1179 -0.2629330856364314 1.497026228849314 0.08562665321600647
1180 -0.2768000063272316 1.581528044395936 0.1712536105812243
1181 -0.5510594380472315 1.508044949841784 0.1712588661235238
1182 -0.5208120131811182 1.427930029099682 0.0856292795301854
1183 -1.084945505218661 1.296754782786707 0.2564484822622302
1184 -1.303054579123384 1.082044873802994 0.2594304899155563
1185 -1.405452175197906 0.8114381916833791 0.188561808316412
1186 -1.32380251710522 0.7642977396045963 0.09428090415844091
1187 -0.9762883770712953 1.164750873228604 0.0854826455978676
1188 -1.030616993262008 1.230752890312652 0.1709654827003359
1189 -1.234954381313897 1.02868447642562 0.1729514502124623
1190 -1.166852527365515 0.9753228055215299 0.08647449500125481
1191 -1.58815962744041 0.5813067690597052 0.2568887131397192
1192 -1.666040203354293 0.2906538461489426 0.2568890251919723
1193 -1.427930098033633 0.5208120337911527 0.08562935135310952
1194 -1.508045015854029 0.5510594562588773 0.1712589343764795
1195 -1.581535191144685 0.2767913277269226 0.1712591541606648
1196 -1.497029836617698 0.2629287510216879 0.08562945676009269
1197 -0.9528595479210112 1.650401149476302 0.4714045207912602
1198 -0.9057190958420215 1.568751491383728 0.3771236166332824
1199 -0.3095434564022446 1.767225238704324 0.3598153521604765
1200 -0.3284199413268798 1.868420520806779 0.4627502368186234
1201 -0.6497958922780001 1.782310342989579 0.4627528619026511
1202 -0.615551392913554 1.685235155815411 0.3598206059526118
1203 -1.650401149476302 0.9528595479210115 0.4714045207912602
1204 -1.568751491383727 0.9057190958420228 0.3771236166332822
1205 -1.151822216209705 1.375199647209561 0.3595272483661013
1206 -1.218698780301396 1.453644339239458 0.4626062409326117
1207 -1.4557461210553 1.217733446198054 0.4635978346660147
1208 -1.379401468694823 1.149890089596162 0.3615127078439223
1209 -1.685235156998664 0.6155513896733308 0.3598206059523528
1210 -1.782310344104357 0.6497958892400731 0.462752861909424
1211 -1.868424059314765 0.3284155749535982 0.4627529659973597
1212 -1.7672323101649 0.309534741774511 0.3598208140590405
1213 -1.434314574000479 1.756528752020087e-16 0.5656854238989555
1214 -1.575735930763273 1.929719963910718e-16 0.42426406818713
1215 -1.796027001319317 2.199498718347921e-16 0.8010853909733784
1216 -1.603812729640977 1.964104125786602e-16 0.7030581408694415
1217 -1.70762546066252 2.091238054542881e-16 0.5400908787514699
1218 -1.850873048580711 2.266665754572472e-16 0.636244955882557
1219 -1.296941858043136 1.588295695132747e-16 0.3961872684753727
1220 -1.198914608734415 1.468246938037603e-16 0.2039729975898436
1221 -1.363755043971925 1.670118249421277e-16 0.1491269508742588
1222 -1.459909120705473 1.787873031717985e-16 0.2923745383962105
1223 -0.6464466102748587 1.119678373376733 -0.7071067829228128
1224 -1.119678373376733 0.6464466102748592 -0.7071067829228128
1225 -0.2196733089811224 1.254993304096486 -0.6877728125524357
1226 -0.4379521149571399 1.196507401221859 -0.6878421681418765
1227 -0.5675533022153183 0.9830311552447776 -0.5019555896764263
1228 -0.516230887720085 0.8941381249480024 -0.2527247164544691
1229 -0.1785549254207152 1.016109952047894 -0.249708217950716
1230 -0.1947546773481931 1.109254097180565 -0.4863234402285785
1231 -0.386829563623823 1.058096180694297 -0.486985287416497
1232 -0.3531235081564031 0.9688146990937665 -0.2477010447580631
1233 -0.8177404619695198 0.977018301652166 -0.6877726754066686
1234 -0.9775313572649255 0.817229748813295 -0.6878421683934619
1235 -0.9820508078428833 0.5669872984831065 -0.5000000007360507
1236 -0.8941381257288032 0.516230886889202 -0.2527247174527384
1237 -0.6621647001795313 0.7897847948671173 -0.2456507618257455
1238 -0.7233334848222598 0.8637089778972646 -0.4869851997560617
1239 -0.8637016818259723 0.7230573667075693 -0.486657098577772
1240 -0.78994580260648 0.6619828185082376 -0.2456766249132629
1241 -1.196507403679089 0.4379521054231635 -0.6878421671187478
1242 -1.255523226928684 0.2177058222910086 -0.6879673606187254
1243 -0.9688957035783148 0.3531135865628785 -0.2479852610518177
1244 -1.057501715707821 0.3864219402617904 -0.4857308176056512
1245 -1.109243188347095 0.1931963048262463 -0.4858214859035808
1246 -1.016342082448598 0.1778230863447579 -0.2501043771658852
1247 -0.8736376318557092 1.513184770343364 -0.9675382212947284
1248 -0.7472752606713218 1.29431871899733 -0.8628562016732816
1249 -0.2560733593621171 1.461663195286261 -0.8565432886056378
1250 -0.3016983966992165 1.709850514477318 -0.9645947452517292
1251 -0.5957755388479146 1.633020210466989 -0.9651505637317945
1252 -0.5074416642092956 1.392233575881845 -0.855275851462968
1253 -1.507906939810168 0.8705904777790023 -0.965925826399056
1254 -1.294318720128733 0.7472752598427813 -0.8628562020045749
1255 -0.9504680790519205 1.134284862878461 -0.8540822702557838
1256 -1.11591767417577 1.332161060869141 -0.9650117177574922
1257 -1.329700447725175 1.115976742874428 -0.9645078077089605
1258 -1.134545640507546 0.9501748610134417 -0.8540893396158714
1259 -1.391137705116469 0.5081134541135484 -0.8547911288818671
1260 -1.628901663242985 0.5936622528531963 -0.9638933678532803
1261 -1.708018585323415 0.3000391164646675 -0.9640203495313792
1262 -1.460814557055583 0.2547285523976601 -0.8558991993611307
1263 -0.9999999999999998 1.732050807568877 -0.7104569499661586
1264 -0.9999999999999996 1.732050807568877 -0.8552284749830793
1265 -0.3472963552650972 1.969615506036541 -0.8552284749832705
1266 -0.3472963552650971 1.969615506036541 -0.710456949966451
1267 -0.6840402866481279 1.879385241572985 -0.7104569499663048
1268 -0.6840402866481279 1.879385241572985 -0.8552284749831749
1269 -1.732050807568877 1 -0.7104569499661586
1270 -1.732050807568877 1 -0.8552284749830793
1271 -1.285575220198747 1.532088885545138 -0.8552284749830793
1272 -1.285575220198747 1.532088885545138 -0.7104569499661587
1273 -1.532088886888279 1.285575218598053 -0.7104569499661586
1274 -1.532088886888279 1.285575218598054 -0.8552284749830793
1275 -1.879385241648699 0.6840402864401055 -0.8552284749831749
1276 -1.879385241648699 0.6840402864401059 -0.7104569499663048
1277 -1.969615506122165 0.3472963547794983 -0.7104569499664509
1278 -1.969615506122165 0.3472963547794979 -0.8552284749832705
1279 -0.8585786437623468 1.487101833289965 -0.2828427124739322
1280 -1.487101833289965 0.8585786437623474 -0.2828427124739322
1281 -0.2906668825372658 1.666029605382325 -0.2568808254320797
1282 -0.5813067688166834 1.588159627587916 -0.2568887131947057
1283 -0.9057190958415644 1.568751491382936 -0.3771236166323677
1284 -0.9528595479207824 1.650401149475906 -0.4714045207908026
1285 -0.3284199412669386 1.868420520659464 -0.4627502366631556
1286 -0.3095434562818494 1.767225238409888 -0.3598153518496842
1287 -0.6155513929478976 1.685235155818925 -0.3598206059676956
1288 -0.6497958922951753 1.782310342991323 -0.4627528619101731
1289 -1.08494550489868 1.296754782637317 -0.2564484819423241
1290 -1.303054582001182 1.082044872295697 -0.2594304911666085
1291 -1.568751491382935 0.9057190958415651 -0.3771236166323675
1292 -1.650401149475906 0.9528595479207828 -0.4714045207908028
1293 -1.218698780198122 1.453644339186909 -0.462606240825993
1294 -1.151822215993385 1.375199647112466 -0.3595272481527678
1295 -1.379401470614799 1.149890088592518 -0.3615127086760387
1296 -1.455746122015978 1.217733445696816 -0.4635978350812756
1297 -1.588159627668336 0.5813067697697825 -0.2568887135978281
1298 -1.666040203299804 0.2906538463310402 -0.2568890251695904
1299 -1.782310344180775 0.6497958894757652 -0.4627528620619496
1300 -1.685235157143169 0.6155513901665491 -0.3598206062573061
1301 -1.767232310128398 0.3095347418959045 -0.3598208140440293
1302 -1.868424059296453 0.3284155750142957 -0.4627529659898322
1303 -0.7642977396043671 1.323802517104824 -0.09428090415798361
1304 -0.8114381916829139 1.405452175197116 -0.1885618083154951
1305 -0.2768000062070232 1.581528044101498 -0.171253610270471
1306 -0.2629330855763157 1.497026228701997 -0.08562665306051162
1307 -0.5208120131992628 1.427930029101079 -0.0856292795377156
1308 -0.551059438081749 1.50804494984528 -0.1712588661386546
1309 -1.323802517104824 0.7642977396043676 -0.09428090415798349
1310 -1.405452175197135 0.8114381916829358 -0.1885618083155218
1311 -1.030616993048744 1.230752890213111 -0.1709654824871002
1312 -0.9762883769646473 1.164750873178825 -0.08548264549120932
1313 -1.166852528330278 0.975322805015548 -0.08647449541698636
1314 -1.234954383240622 1.028684475414237 -0.1729514510455682
1315 -1.508045016006027 0.5510594567322973 -0.1712589346817297
1316 -1.427930098442369 0.5208120342621562 -0.08562935189849206
1317 -1.497029836599945 0.2629287510791966 -0.08562945675255554
1318 -1.581535191107159 0.2767913278537818 -0.1712591541455707
1319 -1.434314576208043 1.756528754723573e-16 -0.5656854261065193
1320 -1.575735931866369 1.92971996526162e-16 -0.4242640692902258
1321 -1.198914609053645 1.468246938428547e-16 -0.2039729987818543
1322 -1.296941859225065 1.588295696580193e-16 -0.3961872705227994
1323 -1.459909121295896 1.787873032441044e-16 -0.2923745394193821
1324 -1.363755044131196 1.670118249616326e-16 -0.1491269514699196
1325 -1.603812731622669 1.964104128213475e-16 -0.7030581420134143
1326 -1.79602700214371 2.199498719357511e-16 -0.8010853911941209
1327 -1.850873048992594 2.266665755076882e-16 -0.6362449559926149
1328 -1.707625461652806 2.091238055755631e-16 -0.5400908793228962
1329 -1.35355339121836 2.344423244347355 -0.7071067799363734
1330 -2.344423244347354 1.353553391218361 -0.7071067799363734
1331 -0.4601262625669212 2.624280640272328 -0.7474542897581478
1332 -0.9153279791264565 2.499965368037989 -0.7492701523444039
1333 -1.252724741725569 2.169782892783757 -0.8628562026741058
1334 -1.12636238118144 1.950916837867497 -0.9675382211589783
1335 -0.3870313485295631 2.206027005667723 -0.970841917488966
1336 -0.4269204286878387 2.430308476994129 -0.8839819157304636
1337 -0.8469795680206611 2.317863455013742 -0.8838527367999057
1338 -0.7660104306251783 2.101605587651842 -0.9715451347342285
1339 -1.715976891807323 2.041459589377222 -0.7451844192418677
1340 -2.05917840799881 1.710193343350827 -0.7362152331826723
1341 -2.169782900238975 1.25272473419009 -0.8628562010991204
1342 -1.956194675055554 1.129409522899593 -0.9659258263712669
1343 -1.438311885728886 1.713117441358175 -0.9715454386677614
1344 -1.590849694202064 1.893698550115542 -0.8809356199538405
1345 -1.905964119249911 1.588379592766056 -0.8766887535152298
1346 -1.721348832227879 1.438568932802722 -0.9699439584595501
1347 -2.500219222926923 0.915142220703873 -0.7491158567129385
1348 -2.629730977791756 0.4576691790778257 -0.7430287801431196
1349 -2.10425677599304 0.768221662146505 -0.9707474371892306
1350 -2.317888919685706 0.8478369040302043 -0.8836842087114114
1351 -2.434518950469675 0.4257974972852629 -0.8818797136137454
1352 -2.208205081844834 0.3876797472127392 -0.9702817407490649
1353 -1.483769113452108 2.56996348864875 -0.252724719319858
1354 -1.432446698582577 2.481070470693568 -0.5019555728723446
1355 -0.4922916448849755 2.802443926439499 -0.534205516158844
1356 -0.5144092018144193 2.916682868769275 -0.2741107737552129
1357 -1.015713067550998 2.782552949191573 -0.272555379540188
1358 -0.9761010536547112 2.671220250199071 -0.5363833167889508
1359 -2.569963492269041 1.483769108812227 -0.2527247161984525
1360 -2.482050806558771 1.433012703006596 -0.5000000005500816
1361 -1.830727765319916 2.179242043283069 -0.5329196541657046
1362 -1.905684676388622 2.268961984348474 -0.2692277497594412
1363 -2.273685815790611 1.901329807252112 -0.2662651129542831
1364 -2.190363983102171 1.825390854838881 -0.524726341567331
1365 -2.672302422397285 0.9761909853777211 -0.5347318462223977
1366 -2.782946833230096 1.014947990836889 -0.2721746094782783
1367 -2.917710289751894 0.5124586954976889 -0.2717357797848169
1368 -2.805569807411516 0.4904130319341206 -0.5298212203202806
1369 -1.141421356236912 1.976999781846508 -0.2828427124754125
1370 -1.976999781846508 1.141421356236913 -0.2828427124754125
1371 -0.3923160094590518 2.214312693194911 -0.316887400554433
1372 -0.7728148622185517 2.111446923610886 -0.3172524322870698
1373 -1.188561808316148 2.05864943993951 -0.1885618083169415
1374 -1.235702260395205 2.140299098032532 -0.09428090415854185
1375 -0.4277897507506068 2.422575582903774 -0.1056292211748548
1376 -0.4100528884347509 2.318444185078267 -0.2112583586256893
1377 -0.8077154253594755 2.211283584530731 -0.2115020634459929
1378 -0.8426158301222363 2.311119812596161 -0.1057512336857604
1379 -1.442870388366053 1.724518597979426 -0.3171660560309867
1380 -1.737069831290984 1.441770006256766 -0.3082283711555397
1381 -2.05864943993951 1.188561808316148 -0.1885618083169415
1382 -2.140299098032511 1.235702260395384 -0.09428090415847072
1383 -1.58041751956666 1.885125790880252 -0.1057222578275976
1384 -1.511644043670731 1.804822296319886 -0.2114443081435302
1385 -1.813192587880265 1.510912781412537 -0.2054895021962768
1386 -1.889312435563499 1.580053085021283 -0.1027462802158249
1387 -2.113533953709395 0.772223532081606 -0.3154954425292963
1388 -2.214885752896842 0.3864036585332814 -0.3173467748092466
1389 -2.311815297258724 0.842418647125137 -0.1051653283713641
1390 -2.212674722617792 0.8073211231957009 -0.2103304996630956
1391 -2.318826581136417 0.4061113919101875 -0.2115649573384502
1392 -2.422766975954345 0.4258190394313229 -0.105782647578316
1393 -1.04714045207897 1.813700465661421 -0.4714045207912964
1394 -1.094280904157941 1.895350123753965 -0.377123616633354
1395 -0.377309474840945 2.132747040069294 -0.3998201528861103
1396 -0.3623029242343375 2.051181314026963 -0.4827528307633071
1397 -0.7136319560220745 1.956739497655664 -0.4828748165785129
1398 -0.7432234755023495 2.034093377871716 -0.4000638041577942
1399 -1.81370046566142 1.047140452078972 -0.471404520791296
1400 -1.895350123753964 1.094280904157942 -0.3771236166333545
1401 -1.39043881531269 1.660375539226849 -0.4000060787876218
1402 -1.338007098630745 1.596232308783564 -0.4828458776987128
1403 -1.600418660190858 1.337642211832712 -0.4798698590940471
1404 -1.668745528998111 1.389707060803292 -0.3940507053433571
1405 -2.035484548657151 0.7428291773144259 -0.3988922796555691
1406 -1.957434984626304 0.7134347644494569 -0.4822889475201262
1407 -2.051372643603504 0.3603321909489579 -0.4829062694075609
1408 -2.133129377715072 0.3733679560326982 -0.4001267042807995
1409 -2.565685425782423 3.142058444303458e-16 -0.5656854241160532
1410 -2.424264069128124 2.968867232545695e-16 -0.4242640682957329
1411 -2.203972998449154 2.699088477957951e-16 -0.8010853910353598
1412 -2.396187270160576 2.934483070559783e-16 -0.7030581409840068
1413 -2.292374539238285 2.807349141925054e-16 -0.5400908788087239
1414 -2.149126951303641 2.631921441875313e-16 -0.636244955913432
1415 -2.703058141893371 3.310291501378909e-16 -0.3961872685847572
1416 -2.801085391239778 3.430340258520206e-16 -0.2039729976838101
1417 -2.636244956015138 3.228468947152294e-16 -0.1491269509211264
1418 -2.540090879262714 3.110714164832468e-16 -0.2923745384508947
1419 -2 2.449293598294706e-16 -1.081640629586862e-13
1420 -2.188561808316943 2.680215213291487e-16 0.1885618083158466
1421 -2.094280904158471 2.564754405793096e-16 0.0942809041578692
1422 -2.094280904157942 2.564754405792447e-16 -0.09428090415854296
1423 -2.188561808315884 2.680215213290189e-16 -0.1885618083169777
1424 -2.377123616632847 2.911136828286995e-16 -3.483348262355789e-13
1425 -2.282842712474908 2.795676020789257e-16 0.09428090415773603
1426 -2.18856180831639 2.680215213290809e-16 -4.382906468058322e-13
1427 -2.282842712474295 2.795676020788506e-16 -0.09428090415873269
1428 -1.905719095841565 2.333832790796359e-16 -0.09428090415804949
1429 -1.811438191683129 2.218371983298013e-16 -0.1885618083159908
1430 -2.094280904157821 2.5647544057923e-16 -0.282842712474817
1431 -1.999999999999645 2.449293598294271e-16 -0.1885618083163858
1432 -1.905719095841338 2.333832790796081e-16 -0.28284271247424
1433 -1.999999999999737 2.449293598294383e-16 -0.3771236166326791
1434 -1.811438191684044 2.218371983299134e-16 0.1885618083168336
1435 -1.905719095842022 2.33383279079692e-16 0.09428090415836268
1436 -2.094280904158492 2.564754405793122e-16 0.2828427124745164
1437 -2.000000000000543 2.449293598295371e-16 0.3771236166326845
1438 -1.905719095842279 2.333832790797235e-16 0.2828427124747446
1439 -2.00000000000025 2.449293598295012e-16 0.1885618083164324
1440 -1.81143819168365 2.218371983298651e-16 3.130481591799732e-13
1441 -1.717157287525731 2.102911175800937e-16 0.09428090415867979
1442 -1.622876383367339 1.987450368302644e-16 4.474684118864641e-13
1443 -1.717157287525238 2.102911175800334e-16 -0.09428090415777589
1444 -2.344423241780804 -1.353553389736561 0.707106782899971
1445 -1.353553389736562 -2.344423241780803 0.707106782899971
1446 -2.629730970359121 -0.4576691572521748 0.7430287901093626
1447 -2.500219220371322 -0.9151422190679772 0.7491158593323828
1448 -2.482050805347479 -1.433012702308907 0.5000000029712343
1449 -2.569963496448444 -1.483769101433695 0.2527247164656635
1450 -2.917710290670832 -0.5124586843660786 0.2717357833992269
1451 -2.805569804460038 -0.4904130174736876 0.5298212289600225
1452 -2.672302420680849 -0.9761909852946984 0.5347318488151804
1453 -2.782946834611259 -1.01494798658231 0.2721746100445519
1454 -2.059178407462837 -1.710193340138676 0.7362152354481776
1455 -1.715976893755263 -2.041459587599898 0.7451844193377424
1456 -1.432446698361495 -2.481070462742975 0.5019555849267119
1457 -1.483769118482517 -2.569963483752479 0.2527247259242429
1458 -2.273685819823207 -1.901329801525806 0.2662651150535378
1459 -2.190363981947652 -1.825390851350353 0.5247263466293949
1460 -1.830727765463412 -2.179242037924835 0.5329196605333442
1461 -1.905684680626795 -2.268961979472312 0.2692277533657527
1462 -0.9153279780162067 -2.499965364503562 0.7492701556153589
1463 -0.4601262619642233 -2.624280638309636 0.7474542915688237
1464 -1.015713069857402 -2.782552946927129 0.2725553842574041
1465 -0.9761010535054779 -2.671220244056409 0.5363833259476362
1466 -0.4922916447630608 -2.802443923319833 0.5342055210544947
1467 -0.514409202363355 -2.916682868103321 0.2741107757216498
1468 -1.956194673885946 -1.129409522224968 0.9659258267330578
1469 -2.169782899839214 -1.252724732406195 0.8628562018244117
1470 -2.434518944757825 -0.4257974827903084 0.8818797179568753
1471 -2.2082050786763 -0.3876797412806302 0.9702817417831771
1472 -2.104256775331044 -0.7682216618263652 0.970747437370193
1473 -2.317888918640409 -0.8478369026661349 0.8836842094796132
1474 -1.126362373429746 -1.950916842153518 0.9675382212018275
1475 -1.252724741564744 -2.169782890092586 0.8628562040864574
1476 -1.905964119470654 -1.588379590686844 0.8766887541525922
1477 -1.721348829685788 -1.43856893489015 0.9699439586130815
1478 -1.438311881091421 -1.713117446228756 0.971545438485342
1479 -1.590849695939704 -1.893698549066614 0.8809356197848617
1480 -0.8469795678152092 -2.317863452096113 0.883852738287539
1481 -0.7660104251483015 -2.101605589947997 0.9715451346655367
1482 -0.3870313456926053 -2.20602700748272 0.9708419171685974
1483 -0.4269204284802313 -2.43030847560239 0.8839819164744239
1484 -1.732050807568878 -0.9999999999999997 0.7104569499661586
1485 -1.732050807568878 -0.9999999999999994 0.8552284749830793
1486 -1.969615506036541 -0.3472963552650971 0.8552284749832705
1487 -1.969615506036541 -0.3472963552650969 0.710456949966451
1488 -1.879385241572985 -0.6840402866481278 0.7104569499663048
1489 -1.879385241572985 -0.6840402866481278 0.8552284749831749
1490 -1 -1.732050807568877 0.7104569499661586
1491 -1 -1.732050807568877 0.8552284749830793
1492 -1.532088885545138 -1.285575220198746 0.8552284749830793
1493 -1.532088885545138 -1.285575220198746 0.7104569499661587
1494 -1.285575218598054 -1.532088886888279 0.7104569499661586
1495 -1.285575218598054 -1.532088886888279 0.8552284749830793
1496 -0.6840402864401056 -1.879385241648699 0.8552284749831749
1497 -0.6840402864401061 -1.879385241648699 0.7104569499663048
1498 -0.3472963547794984 -1.969615506122165 0.7104569499664509
1499 -0.347296354779498 -1.969615506122165 0.8552284749832705
1500 -1.976999781847884 -1.141421356237706 0.282842712473824
1501 -1.141421356237707 -1.976999781847883 0.282842712473824
1502 -2.214885745979616 -0.3864037179278612 0.3173467714158881
1503 -2.113533983925941 -0.772223512767792 0.3154954207759708
1504 -1.895350123754882 -1.094280904158471 0.3771236166322948
1505 -1.813700465661879 -1.047140452079235 0.4714045207907667
1506 -2.051372641229436 -0.3603322110688974 0.4829062682649689
1507 -2.133129373063961 -0.3733679957890551 0.4001267020077927
1508 -2.035484568772727 -0.7428291645066342 0.3988922651498269
1509 -1.957434994644467 -0.7134347581488959 0.4822889402652118
1510 -1.737069833772411 -1.441770007136743 0.308228368684115
1511 -1.442870387748069 -1.724518598822106 0.317166055781246
1512 -1.094280904158472 -1.895350123754882 0.3771236166322945
1513 -1.047140452079236 -1.813700465661878 0.4714045207907672
1514 -1.600418660124164 -1.337642213194155 0.4798698582721215
1515 -1.668745530215083 -1.389707061915499 0.3940507036964609
1516 -1.390438814367008 -1.660375540236189 0.4000060786209436
1517 -1.338007097357496 -1.596232309959729 0.4828458776152619
1518 -0.772865646668015 -2.111416937174087 0.3172631357906446
1519 -0.3923160095432543 -2.214312691850346 0.3168874018636904
1520 -0.7136488883534218 -1.956729512614032 0.4828783956297139
1521 -0.7432573358758171 -2.034073396932105 0.4000709506163458
1522 -0.3773094747356386 -2.132747039201172 0.3998201537593028
1523 -0.362302923937932 -2.05118131363606 0.4827528311998076
1524 -2.140299098032969 -1.235702260395648 0.09428090415794128
1525 -2.058649439940427 -1.188561808316677 0.1885618083158825
1526 -2.318826576469926 -0.4061114317430868 0.2115649550633707
1527 -2.422766972508109 -0.4258190409443262 0.1057826507106185
1528 -2.311815307262286 -0.8424186408625682 0.105165321116523
1529 -2.212674742725286 -0.8073211104083788 0.2103304851566324
1530 -1.235702260395564 -2.140299098032978 0.09428090415797652
1531 -1.188561808316679 -2.058649439940426 0.1885618083158828
1532 -1.813192588996893 -1.510912782643188 0.2054895005506222
1533 -1.889312435322186 -1.580053086602491 0.1027462793865413
1534 -1.580417518076897 -1.885125792238084 0.105722257744167
1535 -1.511644042619388 -1.804822297417844 0.2114443079768689
1536 -0.8077492859499725 -2.211263605572467 0.2115092118585444
1537 -0.842632762275708 -2.31110982863765 0.1057548137152667
1538 -0.4277897503039544 -2.422575582539374 0.1056292216113741
1539 -0.4100528882535182 -2.318444184223911 0.2112583594985517
1540 -2.472700392944049 -1.427614237491539 0
1541 -2.347324574534781 -1.355228474983079 0
1542 -2.669279018325498 -0.4706659111782658 0
1543 -2.811851138374923 -0.4958052238244799 0
1544 -2.6830371279613 -0.9765456539938485 0
1545 -2.546996394521057 -0.9270308753842349 0
1546 -1.42761423749154 -2.472700392944048 0
1547 -1.35522847498308 -2.34732457453478 0
1548 -2.076330484157002 -1.74224814483477 0
1549 -2.187231906640579 -1.835305487085902 0
1550 -1.835305485110905 -2.187231908297797 0
1551 -1.742248142883239 -2.076330485794532 0
1552 -0.9270308745534149 -2.546996394823451 0
1553 -0.9765456525974719 -2.68303712846954 0
1554 -0.4958052222329829 -2.811851138655546 0
1555 -0.4706659100264407 -2.669279018528596 0
1556 -4.713087662826799e-16 -2.565685423807221 0.5656854260912553
1557 -4.453300847005807e-16 -2.424264068141317 0.4242640692825397
1558 -5.145510387319521e-16 -2.801085390988937 0.2039729986204198
1559 -4.965437250119902e-16 -2.703058140832678 0.3961872704222169
1560 -4.666071246275547e-16 -2.540090878732953 0.2923745393690392
1561 -4.84270342049851e-16 -2.63624495588997 0.1491269513891791
1562 -4.401724603236495e-16 -2.396187268743471 0.7030581418020757
1563 -4.048632716509423e-16 -2.203972998216432 0.8010853910975756
1564 -3.947882162599753e-16 -2.149126951187571 0.6362449559442485
1565 -4.211023711586625e-16 -2.292374538530078 0.5400908792174125
1566 -1.119678370508429 -0.6464466086188427 0.7071067796107811
1567 -0.6464466086188432 -1.119678370508429 0.7071067796107811
1568 -1.255523223594956 -0.2177058203680823 0.6879673568070896
1569 -1.196507400554454 -0.4379521041734804 0.6878421635690255
1570 -1.294318717427412 -0.7472752604128822 0.8628562008011573
1571 -1.507906938503898 -0.8705904770250621 0.9659258259949262
1572 -1.708018583717866 -0.3000391160118596 0.9640203490737231
1573 -1.460814554188253 -0.2547285515969256 0.8558991975713048
1574 -1.391137702370378 -0.5081134544327038 0.8547911273822951
1575 -1.628901661904823 -0.5936622524984039 0.9638933674723811
1576 -0.9775313549171795 -0.8172297462174217 0.687842164735682
1577 -0.817740460181233 -0.9770182987765107 0.6877726718677036
1578 -0.7472752592995441 -1.294318718066832 0.8628562007994497
1579 -0.87363763343098 -1.513184768890621 0.967538221171838
1580 -1.329700446288056 -1.115976742655379 0.9645078073690398
1581 -1.134545637618941 -0.9501748611883242 0.8540893383356268
1582 -0.9504680769716761 -1.134284862747875 0.8540822693811553
1583 -1.115917673589926 -1.332161060354894 0.9650117175481614
1584 -0.4379521139031589 -1.196507398034695 0.6878421646011763
1585 -0.219673308558359 -1.254993300304984 0.6877728085336021
1586 -0.5957755397807631 -1.633020209169104 0.9651505634878845
1587 -0.5074416633591833 -1.392233574194663 0.8552758503262106
1588 -0.2560733587877626 -1.461663192581694 0.8565432869408407
1589 -0.3016983969006928 -1.709850513118009 0.9645947448952968
1590 -0.8941381246333697 -0.5162308880357341 0.2527247160155193
1591 -0.9820508064905065 -0.5669872977026185 0.4999999980315628
1592 -1.109243186635825 -0.1931963036948216 0.4858214825211608
1593 -1.016342081992156 -0.1778230863780349 0.250104375447524
1594 -0.9688957028682242 -0.353113587379816 0.2479852595383077
1595 -1.057501714134551 -0.3864219396597837 0.4857308145745885
1596 -0.5162308868214563 -0.8941381257447494 0.2527247173759286
1597 -0.5675533015088222 -0.9830311543484951 0.5019555877303276
1598 -0.8637016806702315 -0.7230573658332456 0.4866570959794954
1599 -0.7899458012180175 -0.6619828198891368 0.2456766242139125
1600 -0.6621646987714405 -0.7897847960455135 0.2456507618192036
1601 -0.7233334838567906 -0.863708976974696 0.4869851973757588
1602 -0.3868295633042777 -1.058096179469775 0.4869852851570505
1603 -0.3531235075266823 -0.9688146993232041 0.2477010447577336
1604 -0.1785549250342025 -1.016109951812056 0.2497082167905739
1605 -0.1947546772088572 -1.10925409538344 0.4863234370050309
1606 -1.116777040602974 -0.6447715250169205 0
1607 -0.9914012221937064 -0.57238576250846 0
1608 -1.127379873167546 -0.19878748971103 0
1609 -1.269951993317274 -0.2239268017895126 0
1610 -1.211774087975829 -0.4410496996946484 0
1611 -1.075733354381043 -0.3915349215093539 0
1612 -0.6447715250169209 -1.116777040602974 0
1613 -0.5723857625084605 -0.9914012221937061 0
1614 -0.8769458651227584 -0.7358449525094692 0
1615 -0.9878472874729478 -0.8289022949195651 0
1616 -0.8289022941135813 -0.9878472881492485 0
1617 -0.7358449517063039 -0.876945865796694 0
1618 -0.3915349210639468 -1.075733354543158 0
1619 -0.4410496989078448 -1.211774088262202 0
1620 -0.2239268010257011 -1.269951993451955 0
1621 -0.1987874892077244 -1.127379873256293 0
1622 -1.487101833291153 -0.8585786437630328 0.2828427124753044
1623 -0.8585786437630336 -1.487101833291153 0.2828427124753044
1624 -1.66604020387903 -0.290653845707703 0.2568890256330696
1625 -1.588159627571376 -0.5813067687365763 0.2568887131516385
1626 -1.405452175197835 -0.8114381916833708 0.1885618083163461
1627 -1.32380251710522 -0.7642977396045961 0.09428090415844072
1628 -1.497029836548929 -0.2629287522607609 0.08562945690670198
1629 -1.581535191372106 -0.2767913281305831 0.1712591544542698
1630 -1.508045015761269 -0.5510594565386097 0.1712589343853626
1631 -1.427930098048952 -0.520812034908184 0.08562935175025427
1632 -1.303054588402841 -1.082044868634569 0.2594304937527161
1633 -1.084945506171278 -1.296754782130313 0.2564484823700842
1634 -0.8114381916833853 -1.40545217519792 0.1885618083164267
1635 -0.7642977396045963 -1.32380251710522 0.094280904158441
1636 -1.16685253010672 -0.9753228042286022 0.08647449627530381
1637 -1.234954387324552 -1.028684473198259 0.1729514527652119
1638 -1.030616993470993 -1.230752890232063 0.1709654827727212
1639 -0.9762883765368731 -1.164750873724075 0.08548264563428717
1640 -0.5813067692417558 -1.588159627436884 0.2568887131989829
1641 -0.2906668828287018 -1.666029605669963 0.2568808257655266
1642 -0.5208120134337509 -1.427930029017104 0.08562927953917154
1643 -0.5510594384095361 -1.50804494972848 0.1712588661414522
1644 -0.2768000066259176 -1.58152804425388 0.1712536104927888
1645 -0.2629330861226415 -1.497026228718939 0.08562665317170599
1646 -1.650401149476303 -0.9528595479210108 0.4714045207912602
1647 -1.568751491383728 -0.9057190958420217 0.3771236166332825
1648 -1.767232310486393 -0.309534741642246 0.3598208143528941
1649 -1.868424059432791 -0.3284155751302829 0.4627529661441904
1650 -1.782310344097397 -0.6497958892709775 0.4627528619134708
1651 -1.68523515705433 -0.615551389543864 0.3598206059602219
1652 -0.9528595479210116 -1.650401149476302 0.4714045207912603
1653 -0.9057190958420226 -1.568751491383728 0.3771236166332823
1654 -1.379401474439115 -1.149890086688798 0.3615127103945776
1655 -1.455746123258492 -1.217733445546892 0.4635978359381209
1656 -1.218698779548591 -1.45364433991811 0.4626062409690274
1657 -1.151822216305702 -1.375199647223525 0.3595272484384457
1658 -0.6155513931619956 -1.685235155743683 0.3598206059704753
1659 -0.649795892298233 -1.782310342991628 0.4627528619115063
1660 -0.3284199410416863 -1.868420520812299 0.4627502367746875
1661 -0.3095434563144758 -1.767225238630134 0.3598153520722558
1662 -2.63479312803013e-16 -1.434314574000479 0.5656854238989555
1663 -2.894579945866076e-16 -1.575735930763273 0.42426406818713
1664 -3.299248077521881e-16 -1.796027001319317 0.8010853909733784
1665 -2.946156188679903e-16 -1.603812729640977 0.7030581408694415
1666 -3.136857081814321e-16 -1.70762546066252 0.5400908787514699
1667 -3.399998631858707e-16 -1.850873048580711 0.636244955882557
1668 -2.38244354269912e-16 -1.296941858043136 0.3961872684753727
1669 -2.202370407056404e-16 -1.198914608734415 0.2039729975898436
1670 -2.505177374131915e-16 -1.363755043971925 0.1491269508742588
1671 -2.681809547576977e-16 -1.459909120705473 0.2923745383962105
1672 -1.119678373376733 -0.6464466102748587 -0.7071067829228128
1673 -0.6464466102748592 -1.119678373376733 -0.7071067829228128
1674 -1.255523227483124 -0.2177058219219581 -0.6879673611284947
1675 -1.196507403566232 -0.4379521051578686 -0.6878421669106803
1676 -0.9820508078426697 -0.5669872984833866 -0.5000000007359726
1677 -0.894138125197677 -0.516230887787303 -0.2527247174109381
1678 -1.016342082446512 -0.1778230866322203 -0.2501043773497261
1679 -1.109243188591507 -0.1931963046064988 -0.4858214862689514
1680 -1.057501715676403 -0.3864219400844492 -0.4857308174430143
1681 -0.9688957033363405 -0.353113587164986 -0.2479852609691004
1682 -0.9775313574801067 -0.8172297484524262 -0.6878421683234222
1683 -0.8177404621577867 -0.9770183013823154 -0.6877726753157942
1684 -0.5675533023380649 -0.9830311561123615 -0.5019555910767866
1685 -0.5162308868892022 -0.8941381257288031 -0.2527247174527384
1686 -0.7899458016646491 -0.661982819786639 -0.2456766253048395
1687 -0.8637016818558605 -0.7230573670396359 -0.4866570990015496
1688 -0.7233334848339875 -0.8637089785185251 -0.4869852006238021
1689 -0.6621646990093183 -0.7897847960393549 -0.2456507624036665
1690 -0.437952115034527 -1.196507401219373 -0.6878421681674837
1691 -0.219673309083123 -1.254993304299787 -0.6877728127823638
1692 -0.3531235075661003 -0.9688146995053896 -0.2477010454800297
1693 -0.3868295638353232 -1.058096181279879 -0.4869852885331357
1694 -0.1947546774536208 -1.109254097533977 -0.486323440886745
1695 -0.1785549250194857 -1.016109952236924 -0.2497082184033916
1696 -1.507906939809996 -0.8705904777792125 -0.9659258263990443
1697 -1.294318718491048 -0.7472752610267931 -0.8628562015205565
1698 -1.460814557116705 -0.2547285527900477 -0.8558991994382392
1699 -1.708018585259593 -0.3000391166058818 -0.9640203495207831
1700 -1.628901663169474 -0.5936622529808357 -0.9638933678462742
1701 -1.391137704060829 -0.5081134549078137 -0.8547911284452959
1702 -0.8736376336975084 -1.51318476913577 -0.9675382212621022
1703 -0.747275259867296 -1.294318720171193 -0.8628562020332953
1704 -1.134545638624569 -0.9501748624268073 -0.8540893392893875
1705 -1.329700447401913 -1.115976743383931 -0.9645078077308427
1706 -1.115917674215807 -1.332161060856016 -0.9650117177617441
1707 -0.9504680776992386 -1.134284864466719 -0.8540822704680721
1708 -0.5074416636963339 -1.392233576686264 -0.8552758518144381
1709 -0.5957755399259794 -1.633020209703862 -0.9651505636375943
1710 -0.3016983970000476 -1.709850514234464 -0.9645947452006313
1711 -0.2560733589760224 -1.461663195865458 -0.8565432889092317
1712 -1.732050807568878 -0.9999999999999997 -0.7104569499661586
1713 -1.732050807568878 -0.9999999999999994 -0.8552284749830793
1714 -1.969615506036541 -0.3472963552650971 -0.8552284749832705
1715 -1.969615506036541 -0.3472963552650969 -0.710456949966451
1716 -1.879385241572985 -0.6840402866481278 -0.7104569499663048
1717 -1.879385241572985 -0.6840402866481278 -0.8552284749831749
1718 -1 -1.732050807568877 -0.7104569499661586
1719 -1 -1.732050807568877 -0.8552284749830793
1720 -1.532088885545138 -1.285575220198746 -0.8552284749830793
1721 -1.532088885545138 -1.285575220198746 -0.7104569499661587
1722 -1.285575218598054 -1.532088886888279 -0.7104569499661586
1723 -1.285575218598054 -1.532088886888279 -0.8552284749830793
1724 -0.6840402864401056 -1.879385241648699 -0.8552284749831749
1725 -0.6840402864401061 -1.879385241648699 -0.7104569499663048
1726 -0.3472963547794984 -1.969615506122165 -0.7104569499664509
1727 -0.347296354779498 -1.969615506122165 -0.8552284749832705
1728 -1.487101833289965 -0.8585786437623467 -0.2828427124739322
1729 -0.8585786437623475 -1.487101833289965 -0.2828427124739322
1730 -1.666040250881856 -0.2906533934316048 -0.2568889942074706
1731 -1.588159627666055 -0.5813067687522973 -0.256888713245952
1732 -1.568751491382936 -0.9057190958415642 -0.3771236166323675
1733 -1.650401149475907 -0.9528595479207821 -0.4714045207908028
1734 -1.868424075195189 -0.3284154243882398 -0.4627529555725174
1735 -1.767232341921839 -0.3095344401423711 -0.359820793300467
1736 -1.685235157115867 -0.6155513895583418 -0.3598206060229907
1737 -1.782310344127061 -0.6497958892811496 -0.4627528619448247
1738 -1.303054587006758 -1.08204486963595 -0.2594304933183929
1739 -1.08494550619414 -1.296754781098909 -0.2564484815937044
1740 -0.9057190958415655 -1.568751491382935 -0.3771236166323674
1741 -0.9528595479207828 -1.650401149475906 -0.4714045207908027
1742 -1.455746122792321 -1.217733445880025 -0.4635978357943001
1743 -1.379401473507573 -1.149890087355721 -0.3615127101060847
1744 -1.151822216328718 -1.375199646529403 -0.3595272479210952
1745 -1.218698779552707 -1.453644339577064 -0.4626062407103219
1746 -0.581306769378906 -1.588159627564186 -0.2568887133656702
1747 -0.2906668830115382 -1.666029605507202 -0.2568808256366114
1748 -0.6497958923439592 -1.782310343034031 -0.4627528619670073
1749 -0.6155513932534344 -1.685235155828489 -0.3598206060815063
1750 -0.3095434564363818 -1.767225238521441 -0.3598153519862261
1751 -0.3284199410996865 -1.868420520758111 -0.4627502367313588
1752 -1.323802517104824 -0.7642977396043673 -0.09428090415798343
1753 -1.405452175197077 -0.811438191682916 -0.1885618083154627
1754 -1.581535222811262 -0.2767910266295893 -0.1712591334457777
1755 -1.497029852322775 -0.2629286015200222 -0.08562944636674531
1756 -1.427930098080642 -0.5208120349128332 -0.08562935178161853
1757 -1.508045015823077 -0.5510594565481194 -0.1712589344466809
1758 -0.7642977396043676 -1.323802517104824 -0.09428090415798343
1759 -0.8114381916829138 -1.405452175197115 -0.1885618083154942
1760 -1.234954386407459 -1.028684473850175 -0.1729514524777968
1761 -1.166852529633706 -0.9753228045692623 -0.08647449613085018
1762 -0.9762883765444272 -1.164750873380196 -0.08548264537559569
1763 -1.030616993486176 -1.230752889544382 -0.1709654822552311
1764 -0.5510594385026495 -1.508044949812755 -0.1712588662525654
1765 -0.5208120134787693 -1.427930029059669 -0.08562927959458516
1766 -0.2629330861835806 -1.497026228664479 -0.08562665312860941
1767 -0.2768000067477964 -1.581528044145212 -0.1712536104067603
1768 -2.634793132085359e-16 -1.434314576208043 -0.5656854261065193
1769 -2.89457994789243e-16 -1.575735931866369 -0.4242640692902258
1770 -2.20237040764282e-16 -1.198914609053645 -0.2039729987818543
1771 -2.38244354487029e-16 -1.296941859225065 -0.3961872705227994
1772 -2.681809548661567e-16 -1.459909121295896 -0.2923745394193821
1773 -2.50517737442449e-16 -1.363755044131196 -0.1491269514699196
1774 -2.946156192320212e-16 -1.603812731622669 -0.7030581420134143
1775 -3.299248079036267e-16 -1.79602700214371 -0.8010853911941209
1776 -3.399998632615323e-16 -1.850873048992594 -0.6362449559926149
1777 -3.136857083633446e-16 -1.707625461652806 -0.5400908793228962
1778 -2.344423244347355 -1.35355339121836 -0.7071067799363734
1779 -1.353553391218361 -2.344423244347354 -0.7071067799363734
1780 -2.62973096824362 -0.4576691261912609 -0.743028796783551
1781 -2.500219222751506 -0.9151422202104764 -0.7491158570085765
1782 -2.169782902028609 -1.252724732133204 -0.8628562007936764
1783 -1.956194675055133 -1.12940952289938 -0.965925826371393
1784 -2.208205076303793 -0.3876797322686802 -0.970281742754574
1785 -2.434518942181814 -0.4257974619724252 -0.8818797212309674
1786 -2.317888920454194 -0.8478369023789982 -0.883684208629574
1787 -2.104256775676968 -0.768221662123449 -0.9707474372646222
1788 -2.05917841003374 -1.710193342421101 -0.7362152322897093
1789 -1.715976896739467 -2.041459589434314 -0.7451844163627662
1790 -1.252724741856601 -2.16978289175771 -0.8628562031562474
1791 -1.126362372041283 -1.95091684231225 -0.9675382213472568
1792 -1.721348830354086 -1.438568935573975 -0.9699439583744274
1793 -1.905964121407596 -1.58837959149844 -0.8766887530510025
1794 -1.59084969768755 -1.893698549999024 -0.8809356187973942
1795 -1.438311880785138 -1.713117446704093 -0.9715454384446047
1796 -0.9153279799252143 -2.499965367494763 -0.7492701525525434
1797 -0.4601262631671729 -2.624280641009014 -0.7474542890211101
1798 -0.7660104245331525 -2.101605590410039 -0.9715451346110622
1799 -0.8469795686092475 -2.317863454002701 -0.8838527371955688
1800 -0.4269204290375982 -2.430308477310975 -0.8839819155334122
1801 -0.3870313455652744 -2.206027007753334 -0.9708419171082155
1802 -2.569963496152806 -1.483769101269858 -0.2527247177594764
1803 -2.482050806558312 -1.433012703006412 -0.5000000005509285
1804 -2.805569804829322 -0.4904129957025752 -0.5298212343785113
1805 -2.917710291813381 -0.5124586707924588 -0.2717357877297442
1806 -2.782946834327646 -1.014947986498229 -0.2721746110883986
1807 -2.672302421868307 -0.9761909840559865 -0.5347318477242587
1808 -1.48376911647661 -2.569963486904808 -0.252724719312384
1809 -1.432446698700342 -2.481070467588841 -0.5019555774037709
1810 -2.190363983491389 -1.825390853661249 -0.5247263423053603
1811 -2.273685819401471 -1.901329802671378 -0.266265113564402
1812 -1.905684680266301 -2.268961981709519 -0.2692277480669384
1813 -1.830727767353649 -2.179242041146536 -0.5329196546860929
1814 -0.9761010540089893 -2.67122024795505 -0.5363833199140133
1815 -1.015713068654433 -2.782552948749976 -0.2725553796688874
1816 -0.5144092020543508 -2.91668286865057 -0.2741107740191452
1817 -0.4922916450148085 -2.802443925870517 -0.5342055170101045
1818 -1.976999781846508 -1.141421356236912 -0.2828427124754125
1819 -1.141421356236913 -1.976999781846507 -0.2828427124754125
1820 -2.214885744092114 -0.3864037120581466 -0.3173467742840866
1821 -2.113533972684716 -0.7722235195303462 -0.3154954290137228
1822 -2.058649439939509 -1.188561808316147 -0.1885618083169417
1823 -2.140299098032511 -1.235702260395383 -0.09428090415847096
1824 -2.422766972923421 -0.4258190577468439 -0.1057826473929935
1825 -2.318826575212835 -0.4061114278294731 -0.2115649569767557
1826 -2.212674735232314 -0.8073211149179899 -0.21033049064999
1827 -2.311815303517949 -0.8424186431139291 -0.1051653238637579
1828 -1.737069837572892 -1.441770006163781 -0.3082283663811197
1829 -1.442870386736734 -1.724518599634413 -0.317166055807213
1830 -1.188561808316149 -2.05864943993951 -0.1885618083169413
1831 -1.235702260395278 -2.140299098032522 -0.0942809041585142
1832 -1.889312436607142 -1.580053086281901 -0.1027462786065237
1833 -1.813192591532142 -1.510912781995831 -0.205489499017362
1834 -1.511644041938424 -1.804822297965337 -0.211444307994389
1835 -1.580417517741354 -1.885125792507845 -0.1057222577530145
1836 -0.7728656437873961 -2.111416939820112 -0.3172631342960275
1837 -0.3923160075469565 -2.214312695091691 -0.3168873990203167
1838 -0.8426327613152227 -2.311109829518952 -0.1057548132162897
1839 -0.8077492840292907 -2.211263607335711 -0.2115092108613519
1840 -0.4100528869226087 -2.318444186384486 -0.2112583576027918
1841 -0.4277897496384741 -2.422575583619607 -0.1056292206633224
1842 -1.813700465661421 -1.04714045207897 -0.4714045207912962
1843 -1.895350123753963 -1.094280904157942 -0.3771236166333548
1844 -2.133129371806882 -0.3733679918760858 -0.4001267039206892
1845 -2.051372640601282 -0.3603322091125121 -0.4829062692221161
1846 -1.957434990898643 -0.7134347604035435 -0.4822889430124868
1847 -2.03548456127992 -0.7428291690154505 -0.3988922706428344
1848 -1.047140452078972 -1.81370046566142 -0.4714045207912963
1849 -1.094280904157943 -1.895350123753963 -0.3771236166333545
1850 -1.668745532746377 -1.389707061270606 -0.394050702164033
1851 -1.600418661405944 -1.337642212857279 -0.4798698575046683
1852 -1.338007097020508 -1.596232310230647 -0.4828458776241167
1853 -1.390438813692905 -1.66037554077787 -0.4000060786384467
1854 -0.7432573339592442 -2.034073398694164 -0.4000709496190997
1855 -0.7136488873918516 -1.956729513495725 -0.4828783951308619
1856 -0.3623029232732682 -2.051181314716171 -0.4827528302517719
1857 -0.3773094734048249 -2.132747041362176 -0.3998201518631809
1858 -4.713087666455188e-16 -2.565685425782423 -0.5656854241160532
1859 -4.453300848818542e-16 -2.424264069128124 -0.4242640682957329
1860 -4.048632716936927e-16 -2.203972998449154 -0.8010853910353598
1861 -4.401724605839676e-16 -2.396187270160576 -0.7030581409840068
1862 -4.211023712887582e-16 -2.292374539238285 -0.5400908788087239
1863 -3.947882162812971e-16 -2.149126951303641 -0.636244955913432
1864 -4.965437252068364e-16 -2.703058141893371 -0.3961872685847572
1865 -5.145510387780309e-16 -2.801085391239778 -0.2039729976838101
1866 -4.842703420728441e-16 -2.636244956015138 -0.1491269509211264
1867 -4.666071247248703e-16 -2.540090879262714 -0.2923745384508947
1868 -3.673940397442059e-16 -2 -1.081640629586862e-13
1869 -4.02032281993723e-16 -2.188561808316943 0.1885618083158466
1870 -3.847131608689644e-16 -2.094280904158471 0.0942809041578692
1871 -3.84713160868867e-16 -2.094280904157942 -0.09428090415854296
1872 -4.020322819935283e-16 -2.188561808315884 -0.1885618083169777
1873 -4.366705242430492e-16 -2.377123616632847 -3.483348262355789e-13
1874 -4.193514031183885e-16 -2.282842712474908 0.09428090415773603
1875 -4.020322819936213e-16 -2.18856180831639 -4.382906468058322e-13
1876 -4.193514031182758e-16 -2.282842712474295 -0.09428090415873269
1877 -3.500749186194538e-16 -1.905719095841565 -0.09428090415804949
1878 -3.327557974947019e-16 -1.811438191683129 -0.1885618083159908
1879 -3.847131608688449e-16 -2.094280904157821 -0.282842712474817
1880 -3.673940397441406e-16 -1.999999999999645 -0.1885618083163858
1881 -3.500749186194122e-16 -1.905719095841338 -0.28284271247424
1882 -3.673940397441574e-16 -1.999999999999737 -0.3771236166326791
1883 -3.327557974948701e-16 -1.811438191684044 0.1885618083168336
1884 -3.500749186195379e-16 -1.905719095842022 0.09428090415836268
1885 -3.847131608689682e-16 -2.094280904158492 0.2828427124745164
1886 -3.673940397443056e-16 -2.000000000000543 0.3771236166326845
1887 -3.500749186195852e-16 -1.905719095842279 0.2828427124747446
1888 -3.673940397442517e-16 -2.00000000000025 0.1885618083164324
1889 -3.327557974947976e-16 -1.81143819168365 3.130481591799732e-13
1890 -3.154366763701405e-16 -1.717157287525731 0.09428090415867979
1891 -2.981175552453965e-16 -1.622876383367339 4.474684118864641e-13
1892 -3.154366763700499e-16 -1.717157287525238 -0.09428090415777589
1893 1.353553389736561 -2.344423241780804 0.707106782899971
1894 2.344423241780803 -1.353553389736563 0.707106782899971
1895 0.4601262613296807 -2.624280638380983 0.747454291603761
1896 0.9153279789520679 -2.499965365971282 0.7492701541127565
1897 1.432446698062363 -2.481070467443885 0.501955578169709
1898 1.483769113760806 -2.569963488732008 0.2527247184529026
1899 0.5144091993656654 -2.916682869346917 0.2741107732515962
1900 0.4922916432845758 -2.802443924973301 0.5342055188822133
1901 0.9761010532064386 -2.67122024800446 0.5363833202743975
1902 1.015713066376173 -2.782552949803104 0.2725553789343926
1903 1.715976887305195 -2.041459586386168 0.7451844238832181
1904 2.059178406125292 -1.710193339978577 0.7362152364880418
1905 2.482050805348011 -1.433012702308602 0.5000000029707017
1906 2.569963490847144 -1.4837691112877 0.252724716174188
1907 1.905684675983785 -2.268961984341382 0.2692277507102545
1908 1.830727763057501 -2.179242040409032 0.532919659970398
1909 2.190363982234492 -1.82539085230146 0.5247263452840845
1910 2.273685814983904 -1.901329808252023 0.2662651128724962
1911 2.50021372599843 -0.9151622317257304 0.7491143389701088
1912 2.630411261630622 -0.4623281878332282 0.7416995665054882
1913 2.782944812008705 -1.01495450782663 0.2721734285466178
1914 2.672298417722974 -0.9762042554401738 0.5347305950598047
1915 2.805763447139083 -0.4936293639102924 0.5286247238533439
1916 2.917643087902444 -0.5141069745650402 0.2709575659323665
1917 1.126362377716715 -1.95091683942374 0.9675382212594419
1918 1.252724740532805 -2.169782891798059 0.8628562035235088
1919 0.4269204278180472 -2.430308476020949 0.8839819163169881
1920 0.3870313476117671 -2.20602700676089 0.9708419172622627
1921 0.7660104285822529 -2.101605588767486 0.9715451346492457
1922 0.8469795677385465 -2.317863454247246 0.8838527372321645
1923 1.956194673886308 -1.129409522224937 0.965925826732978
1924 2.169782898939324 -1.252724732516649 0.8628562022485803
1925 1.590849691269718 -1.893698548295019 0.8809356217158968
1926 1.438311882397381 -1.713117442057711 0.9715454390593942
1927 1.721348830745545 -1.438568932590004 0.9699439587791144
1928 1.905964118323421 -1.588379590403153 0.8766887547358453
1929 2.317885440763507 -0.8478502199239571 0.8836835163424325
1930 2.10425306234312 -0.7682281777836967 0.9707477473397589
1931 2.208620160031206 -0.389023871125046 0.9701215073772197
1932 2.435153803525794 -0.4288842127062684 0.8812591619401946
1933 0.9999999999999996 -1.732050807568878 0.7104569499661586
1934 0.9999999999999993 -1.732050807568878 0.8552284749830793
1935 0.3472963553606127 -1.969615506019699 0.8552284749832705
1936 0.3472963553606127 -1.969615506019699 0.710456949966451
1937 0.6840402866825983 -1.879385241560439 0.7104569499663048
1938 0.6840402866825983 -1.879385241560439 0.8552284749831749
1939 1.732050807568877 -1 0.7104569499661586
1940 1.732050807568877 -1 0.8552284749830793
1941 1.285575220122585 -1.532088885609046 0.8552284749830793
1942 1.285575220122585 -1.532088885609046 0.7104569499661587
1943 1.532088886901973 -1.285575218581734 0.7104569499661586
1944 1.532088886901973 -1.285575218581734 0.8552284749830793
1945 1.879385241448128 -0.6840402869911685 0.8552284749829332
1946 1.879385241448128 -0.6840402869911685 0.7104569499660631
1947 1.969615506013288 -0.3472963553969724 0.7104569499659675
1948 1.969615506013288 -0.3472963553969724 0.8552284749827871
1949 1.141421356237706 -1.976999781847884 0.282842712473824
1950 1.976999781847883 -1.141421356237708 0.282842712473824
1951 0.3923160084724473 -2.214312693691728 0.3168874002373543
1952 0.7728148624410197 -2.111446922907728 0.3172524328709221
1953 1.09428090415847 -1.895350123754882 0.3771236166322954
1954 1.047140452079235 -1.81370046566188 0.4714045207907667
1955 0.3623029239688537 -2.051181314181326 0.4827528306574751
1956 0.3773094742154667 -2.132747040394473 0.3998201526748661
1957 0.7432234756628672 -2.034093377398488 0.4000638045471924
1958 0.7136319561125737 -1.956739497415143 0.4828748167734671
1959 1.442870384280907 -1.724518598826561 0.3171660580027003
1960 1.737069830608932 -1.441770004387821 0.3082283728740043
1961 1.895350123754883 -1.09428090415847 0.3771236166322946
1962 1.813700465661879 -1.047140452079236 0.4714045207907667
1963 1.33800709721861 -1.596232309108972 0.4828458783564787
1964 1.390438812564206 -1.660375539813302 0.4000060801026208
1965 1.668745528561534 -1.389707059536011 0.3940507064898142
1966 1.600418659987034 -1.337642211185915 0.4798698596652317
1967 2.113533956972396 -0.7722235266068745 0.3154954413432863
1968 2.214885744832368 -0.3864037166302831 0.3173467727690717
1969 1.957434985579334 -0.7134347629916072 0.4822889471239394
1970 2.035484550764761 -0.7428291738479879 0.3988922788640596
1971 2.133129372291765 -0.3733679949680078 0.4001267029099836
1972 2.051372640831596 -0.3603322107243369 0.4829062687164217
1973 1.235702260395471 -2.14029909803299 0.09428090415801213
1974 1.188561808316677 -2.058649439940426 0.1885618083158828
1975 0.4100528877793831 -2.318444185409028 0.2112583584141235
1976 0.4277897504264963 -2.422575583068427 0.1056292210690722
1977 0.8426158302449008 -2.311119812344197 0.1057512338804645
1978 0.8077154255320574 -2.211283584053257 0.2115020638352716
1979 2.140299098032969 -1.235702260395648 0.09428090415794141
1980 2.058649439940426 -1.188561808316678 0.1885618083158827
1981 1.51164404088818 -1.804822296935045 0.2114443094585931
1982 1.58041751809154 -1.885125791258609 0.105722258485354
1983 1.889312435383455 -1.580053084353461 0.1027462807823657
1984 1.81319258744551 -1.51091278014385 0.2054895033424405
1985 2.212674724688554 -0.8073211198302221 0.2103304988713247
1986 2.311815298140976 -0.8424186458615099 0.1051653279750663
1987 2.42276697211167 -0.4258190406115197 0.1057826511586836
1988 2.318826576933621 -0.4061114218686293 0.2115649563100788
1989 1.427614237491539 -2.472700392944049 0
1990 1.355228474983078 -2.347324574534781 0
1991 0.4706659100654608 -2.669279018521714 0
1992 0.4958052215918978 -2.811851138768587 0
1993 0.9765456523644465 -2.683037128554354 0
1994 0.9270308746058941 -2.54699639480435 0
1995 2.472700392944048 -1.42761423749154 0
1996 2.34732457453478 -1.35522847498308 0
1997 1.742248145056226 -2.076330483971179 0
1998 1.835305487707278 -2.187231906119183 0
1999 2.187231908333644 -1.835305485068185 0
2000 2.076330485841624 -1.742248142827116 0
2001 2.546996394604553 -0.9270308751548323 0
2002 2.683037128339283 -0.9765456529553492 0
2003 2.811851138755663 -0.495805221665194 0
2004 2.669279018503238 -0.4706659101702504 0
2005 0.6464466086188426 -1.119678370508429 0.7071067796107811
2006 1.119678370508429 -0.6464466086188433 0.7071067796107811
2007 0.2196733085280282 -1.254993299970296 0.6877728081801192
2008 0.4379521135808658 -1.196507398056895 0.6878421645062731
2009 0.7472752600649339 -1.294318718271233 0.8628562011273212
2010 0.8736376339754161 -1.513184769192701 0.9675382213112758
2011 0.3016983974882112 -1.709850512999957 0.9645947448914234
2012 0.2560733592591724 -1.46166319229432 0.8565432868193062
2013 0.507441663668892 -1.392233574309992 0.8552758504561139
2014 0.595775540298937 -1.633020209354539 0.9651505635832731
2015 0.8177404597374602 -0.977018299408027 0.6877726720782164
2016 0.9775313545640625 -0.8172297466397616 0.6878421647356536
2017 1.294318718066831 -0.747275259299544 0.8628562007994494
2018 1.507906938503928 -0.8705904770250765 0.965925825994935
2019 1.115917674950257 -1.332161059936679 0.9650117176984013
2020 0.9504680778789721 -1.134284862433569 0.8540822695893233
2021 1.134545638722833 -0.9501748602790938 0.8540893384954942
2022 1.329700447487163 -1.115976741931515 0.9645078074930982
2023 1.196507400426872 -0.4379521045553691 0.6878421635811139
2024 1.255523222479606 -0.2177058212723767 0.6879673558107791
2025 1.628901661731366 -0.593662252803401 0.9638933674562105
2026 1.391137702544312 -0.5081134540048172 0.8547911273923595
2027 1.460814553338718 -0.2547285519030964 0.8558991970974155
2028 1.708018583436437 -0.3000391164490924 0.9640203490181494
2029 0.5162308877725368 -0.8941381250388635 0.252724716856124
2030 0.5675533015557662 -0.9830311541023147 0.5019555874034197
2031 0.1947546772517812 -1.109254095151829 0.4863234366085011
2032 0.1785549255249332 -1.016109951639397 0.2497082164604913
2033 0.3531235081312848 -0.9688146989843226 0.2477010443222319
2034 0.386829563071775 -1.05809617931464 0.4869852847525512
2035 0.8941381257447493 -0.5162308868214565 0.2527247173759286
2036 0.9820508064905374 -0.5669872977026312 0.4999999980316205
2037 0.7233334837679402 -0.8637089770100104 0.486985197322002
2038 0.6621647001131543 -0.7897847949906525 0.2456507620310206
2039 0.7899458026249448 -0.6619828184909446 0.2456766249252779
2040 0.8637016805575106 -0.723057365775254 0.4866570957575195
2041 1.057501714018839 -0.3864219399988923 0.4857308145884516
2042 0.9688957033119991 -0.3531135867960768 0.2479852603862802
2043 1.016342082026465 -0.1778230863861241 0.2501043755837521
2044 1.109243186073216 -0.1931963043981463 0.4858214817410844
2045 0.6447715250169204 -1.116777040602974 0
2046 0.5723857625084598 -0.9914012221937064 0
2047 0.1987874891975245 -1.127379873258091 0
2048 0.2239268007147935 -1.269951993506776 0
2049 0.4410496988471271 -1.211774088284301 0
2050 0.3915349210941277 -1.075733354532173 0
2051 1.116777040602974 -0.644771525016921 0
2052 0.9914012221937061 -0.5723857625084606 0
2053 0.7358449526372299 -0.8769458650155544 0
2054 0.828902295213783 -0.9878472872260695 0
2055 0.987847288108106 -0.8289022941626131 0
2056 0.8769458657795463 -0.7358449517267398 0
2057 1.075733354469198 -0.3915349212678017 0
2058 1.211774088213996 -0.4410496990409383 0
2059 1.269951993507382 -0.2239268007139337 0
2060 1.127379873257027 -0.198787489206131 0
2061 0.8585786437630328 -1.487101833291153 0.2828427124753044
2062 1.487101833291153 -0.8585786437630336 0.2828427124753044
2063 0.2906668827872952 -1.666029606259095 0.2568808263387759
2064 0.5813067690285637 -1.588159628104894 0.2568887137530126
2065 0.8114381916833368 -1.405452175197879 0.1885618083163667
2066 0.7642977396045958 -1.323802517105221 0.09428090415844072
2067 0.2629330857011842 -1.497026228987083 0.0856266533629004
2068 0.2768000063944573 -1.581528044682454 0.1712536108750419
2069 0.5510594382185322 -1.50804495019158 0.1712588665108656
2070 0.5208120132607336 -1.427930029276777 0.08562927972384014
2071 1.084945505307151 -1.296754782403019 0.2564484820247382
2072 1.303054579918377 -1.082044873707426 0.2594304904661169
2073 1.405452175197872 -0.8114381916833753 0.1885618083163805
2074 1.32380251710522 -0.7642977396045967 0.09428090415844076
2075 0.9762883770952105 -1.164750873105328 0.08548264551875273
2076 1.030616993318196 -1.230752890059161 0.1709654825420606
2077 1.234954381871082 -1.028684476330353 0.1729514505796056
2078 1.166852527677028 -0.9753228054351388 0.08647449518486346
2079 1.588159629219955 -0.5813067699884433 0.2568887151300675
2080 1.666040250716672 -0.2906533940230936 0.2568889941463985
2081 1.427930098857868 -0.5208120346139068 0.08562935240936574
2082 1.508045016990001 -0.5510594570178878 0.1712589357039534
2083 1.58153522279599 -0.2767910264818853 0.1712591334052705
2084 1.497029852459863 -0.2629286006235164 0.08562944634668355
2085 0.952859547921011 -1.650401149476303 0.4714045207912602
2086 0.9057190958420218 -1.568751491383728 0.3771236166332825
2087 0.3095434564802569 -1.767225238988923 0.3598153524542675
2088 0.3284199414142837 -1.868420520940564 0.4627502369655201
2089 0.6497958923887783 -1.78231034315533 0.4627528620963199
2090 0.6155513931006458 -1.685235156159468 0.3598206063399752
2091 1.650401149476302 -0.9528595479210112 0.4714045207912602
2092 1.568751491383727 -0.9057190958420226 0.3771236166332821
2093 1.151822216248927 -1.375199646970349 0.3595272482079006
2094 1.218698780280101 -1.453644339154095 0.4626062408535158
2095 1.455746121329704 -1.217733446155546 0.4635978348492156
2096 1.379401469229668 -1.149890089527247 0.3615127082106179
2097 1.685235158112224 -0.615551390491589 0.3598206072790598
2098 1.782310344564082 -0.6497958899161064 0.4627528625728988
2099 1.868424075124558 -0.3284154246733044 0.4627529555523019
2100 1.767232341803917 -0.3095344405806412 0.3598207932599254
2101 0.6464466102748586 -1.119678373376733 -0.7071067829228128
2102 1.119678373376732 -0.6464466102748593 -0.7071067829228128
2103 0.219673308983861 -1.254993304001842 -0.6877728124545367
2104 0.4379521146776511 -1.196507401135667 -0.687842167955086
2105 0.5675533023083367 -0.9830311554058904 -0.5019555899969768
2106 0.5162308877200847 -0.8941381249480026 -0.2527247164544691
2107 0.178554925410014 -1.01610995203977 -0.2497082179125055
2108 0.1947546774017297 -1.109254097186583 -0.4863234402558613
2109 0.3868295635301675 -1.0580961807878 -0.4869852875163251
2110 0.3531235081156396 -0.9688146991012971 -0.2477010447311361
2111 0.8177404619866869 -0.9770183016840238 -0.6877726754440834
2112 0.977531357382443 -0.8172297487834098 -0.6878421684683779
2113 0.9820508078428832 -0.5669872984831066 -0.5000000007360507
2114 0.8941381257288031 -0.5162308868892022 -0.2527247174527384
2115 0.662164700140627 -0.7897847948927252 -0.2456507618045483
2116 0.723333484906746 -0.8637089780303953 -0.4869852000364054
2117 0.8637016819153729 -0.7230573667350564 -0.486657098732499
2118 0.7899458026389542 -0.6619828184847141 -0.2456766249518555
2119 1.196507403531907 -0.4379521055679698 -0.6878421670254176
2120 1.255523227629511 -0.2177058225597937 -0.6879673613956057
2121 0.9688957034770335 -0.3531135868078337 -0.2479852610077457
2122 1.057501715587252 -0.3864219404677789 -0.4857308175290836
2123 1.109243188638793 -0.1931963050795386 -0.4858214864987946
2124 1.01634208248475 -0.1778230866023344 -0.2501043774755994
2125 0.8736376314759141 -1.51318477024095 -0.9675382212219593
2126 0.7472752607432768 -1.294318719121961 -0.8628562017575826
2127 0.2560733594444722 -1.461663195242656 -0.8565432885883222
2128 0.3016983966066266 -1.709850514369083 -0.9645947452181872
2129 0.5957755385008939 -1.633020210343684 -0.9651505636681373
2130 0.5074416640734847 -1.392233575884273 -0.8552758514361734
2131 1.507906939810168 -0.8705904777790024 -0.965925826399056
2132 1.294318720128733 -0.7472752598427814 -0.8628562020045749
2133 0.9504680791233029 -1.134284863021148 -0.8540822703503086
2134 1.115917673887588 -1.332161060901955 -0.965011717714045
2135 1.32970044769017 -1.115976742802867 -0.9645078076890253
2136 1.134545640612891 -0.9501748610388104 -0.8540893396749737
2137 1.3911377049452 -0.5081134543673471 -0.8547911288370607
2138 1.628901663068129 -0.5936622532825186 -0.9638933678485075
2139 1.708018585418115 -0.3000391169484063 -0.9640203495801777
2140 1.460814557611354 -0.2547285527661345 -0.8558991997301857
2141 0.9999999999999996 -1.732050807568878 -0.7104569499661586
2142 0.9999999999999993 -1.732050807568878 -0.8552284749830793
2143 0.3472963553606127 -1.969615506019699 -0.8552284749832705
2144 0.3472963553606127 -1.969615506019699 -0.710456949966451
2145 0.6840402866825983 -1.879385241560439 -0.7104569499663048
2146 0.6840402866825983 -1.879385241560439 -0.8552284749831749
2147 1.732050807568877 -1 -0.7104569499661586
2148 1.732050807568877 -1 -0.8552284749830793
2149 1.285575220122585 -1.532088885609046 -0.8552284749830793
2150 1.285575220122585 -1.532088885609046 -0.7104569499661587
2151 1.532088886901973 -1.285575218581734 -0.7104569499661586
2152 1.532088886901973 -1.285575218581734 -0.8552284749830793
2153 1.879385241448128 -0.6840402869911685 -0.8552284749829332
2154 1.879385241448128 -0.6840402869911685 -0.7104569499660631
2155 1.969615506013288 -0.3472963553969724 -0.7104569499659675
2156 1.969615506013288 -0.3472963553969724 -0.8552284749827871
2157 0.8585786437623467 -1.487101833289965 -0.2828427124739322
2158 1.487101833289964 -0.8585786437623475 -0.2828427124739322
2159 0.290666882625088 -1.666029606117244 -0.2568808261711565
2160 0.5813067694148492 -1.588159628165744 -0.2568887139429307
2161 0.9057190958415644 -1.568751491382936 -0.3771236166323674
2162 0.9528595479207819 -1.650401149475907 -0.4714045207908027
2163 0.328419941360088 -1.86842052089321 -0.4627502369094985
2164 0.3095434563723494 -1.767225238894185 -0.3598153523423326
2165 0.615551393358193 -1.685235156200035 -0.359820606466442
2166 0.649795892517566 -1.782310343175629 -0.4627528621595047
2167 1.084945505441803 -1.296754782064713 -0.2564484818516746
2168 1.303054581902094 -1.082044871629458 -0.2594304906647529
2169 1.568751491382935 -0.9057190958415653 -0.3771236166323676
2170 1.650401149475906 -0.9528595479207829 -0.4714045207908028
2171 1.218698780327846 -1.453644339038887 -0.4626062407959043
2172 1.151822216329997 -1.375199646751917 -0.3595272480925008
2173 1.379401470553515 -1.149890088143116 -0.3615127083412082
2174 1.455746121992285 -1.217733445464033 -0.4635978349137447
2175 1.588159628001547 -0.5813067680953661 -0.2568887133352003
2176 1.666040204344948 -0.2906538460559662 -0.2568890261519082
2177 1.782310344152864 -0.6497958892977662 -0.462752861974758
2178 1.685235157299229 -0.6155513892307434 -0.3598206060828263
2179 1.767232310789224 -0.3095347419183826 -0.3598208146988243
2180 1.868424059572514 -0.3284155753342886 -0.4627529663171213
2181 0.7642977396043672 -1.323802517104825 -0.09428090415798349
2182 0.8114381916828991 -1.405452175197104 -0.1885618083154767
2183 0.2768000062863308 -1.581528044587793 -0.171253610763158
2184 0.2629330856471176 -1.497026228939659 -0.08562665330683783
2185 0.5208120133907004 -1.427930029296661 -0.08562927978705305
2186 0.5510594384782088 -1.508044950231466 -0.1712588666374542
2187 1.323802517104824 -0.7642977396043678 -0.09428090415798349
2188 1.405452175197134 -0.811438191682936 -0.1885618083155218
2189 1.030616993407969 -1.230752889833609 -0.1709654824267679
2190 0.9762883771400656 -1.164750872992526 -0.08548264546111743
2191 1.166852528340484 -0.9753228047423987 -0.08647449524963949
2192 1.234954383205957 -1.028684474933959 -0.1729514507115446
2193 1.508045016175679 -0.5510594557543826 -0.1712589345054402
2194 1.427930098451062 -0.5208120339838253 -0.08562935181128768
2195 1.497029836897094 -0.262928751279524 -0.085629457079878
2196 1.581535191778797 -0.2767913278138307 -0.1712591548002656
2197 1.35355339121836 -2.344423244347355 -0.7071067799363734
2198 2.344423244347354 -1.353553391218361 -0.7071067799363734
2199 0.4601262618571182 -2.624280640005961 -0.7474542901002768
2200 0.9153279790841564 -2.499965367893637 -0.7492701524770701
2201 1.25272474123693 -2.169782893149148 -0.8628562026318599
2202 1.126362376381729 -1.950916840705593 -0.9675382211438267
2203 0.3870313468137423 -2.206027006763784 -0.9708419172956092
2204 0.4269204280860756 -2.430308476816796 -0.8839819158779011
2205 0.8469795676438809 -2.317863455078413 -0.8838527368361979
2206 0.7660104273640479 -2.101605589511756 -0.9715451345804735
2207 1.715976893793798 -2.041459589166163 -0.7451844182426123
2208 2.05917840792958 -1.710193342724869 -0.7362152335992526
2209 2.169782900238974 -1.25272473419009 -0.8628562010991204
2210 1.956194675055554 -1.129409522899593 -0.9659258263712669
2211 1.438311883537269 -1.713117443882696 -0.9715454385399651
2212 1.590849695247715 -1.893698550450846 -0.8809356194546097
2213 1.905964119043155 -1.588379592490504 -0.8766887536991835
2214 1.721348831131525 -1.438568933836055 -0.9699439585043584
2215 2.500219222762804 -0.9151422207357934 -0.7491158568395235
2216 2.629730974408099 -0.4576691584932017 -0.7430287863247234
2217 2.104256776000094 -0.7682216628611329 -0.9707474371269753
2218 2.317888919480454 -0.8478369042589315 -0.8836842087718967
2219 2.434518947343013 -0.4257974839647646 -0.8818797164872607
2220 2.208205079775196 -0.3876797417253674 -0.9702817414940734
2221 1.483769113496874 -2.569963488665339 -0.2527247191791649
2222 1.432446698396812 -2.481070470367773 -0.501955573518539
2223 0.4922916433132926 -2.802443926394352 -0.5342055166595194
2224 0.5144091994096857 -2.916682869171563 -0.2741107738306361
2225 1.015713065804128 -2.782552949901959 -0.2725553792990182
2226 0.9761010527634861 -2.671220250164163 -0.5363833173218353
2227 2.569963492269041 -1.483769108812226 -0.2527247161984528
2228 2.48205080655877 -1.433012703006596 -0.5000000005500816
2229 1.830727766718392 -2.179242042457027 -0.5329196537416757
2230 1.905684677458013 -2.268961983692996 -0.2692277490946449
2231 2.273685815884938 -1.90132980707429 -0.2662651131052827
2232 2.190363983043612 -1.825390854368769 -0.5247263421285739
2233 2.672302422301144 -0.9761909844480042 -0.5347318468692207
2234 2.782946833199085 -1.014947990942911 -0.2721746094528493
2235 2.917710290631366 -0.5124586852627003 -0.2717357829875702
2236 2.80556980668147 -0.4904130171636336 -0.5298212255426458
2237 1.141421356236912 -1.976999781846508 -0.2828427124754125
2238 1.976999781846507 -1.141421356236913 -0.2828427124754125
2239 0.3923160087906985 -2.214312695828296 -0.3168873980780295
2240 0.7728656437577472 -2.11141693246712 -0.3172631412111631
2241 1.188561808316147 -2.05864943993951 -0.1885618083169416
2242 1.235702260395205 -2.140299098032532 -0.09428090415854185
2243 0.4277897505325784 -2.422575583780627 -0.1056292203492755
2244 0.4100528879915483 -2.318444186833326 -0.2112583569746422
2245 0.8077492841223414 -2.211263602393148 -0.2115092154719439
2246 0.8426327615307664 -2.311109826986383 -0.1057548155218104
2247 1.44287038919939 -1.724518597959323 -0.3171660555116537
2248 1.737069831290983 -1.441770006256767 -0.3082283711555397
2249 2.058649439939509 -1.188561808316149 -0.1885618083169418
2250 2.140299098032511 -1.235702260395384 -0.09428090415847072
2251 1.580417519727148 -1.885125790971772 -0.1057222576543577
2252 1.511644044166475 -1.804822296356479 -0.2114443077971625
2253 1.813192587899888 -1.510912781389523 -0.2054895021959346
2254 1.889312435611223 -1.580053084976175 -0.1027462802081542
2255 2.11353395215063 -0.7722235011098103 -0.3154954546223427
2256 2.214885744872769 -0.3864037182279895 -0.3173467724546862
2257 2.311815296526067 -0.8424186373730235 -0.1051653323986142
2258 2.212674721473337 -0.8073211028239397 -0.2103305077208444
2259 2.31882657572051 -0.4061114320072068 -0.2115649557559878
2260 2.422766972130283 -0.4258190411536014 -0.1057826510465144
2261 1.04714045207897 -1.813700465661421 -0.4714045207912962
2262 1.094280904157941 -1.895350123753965 -0.377123616633354
2263 0.3773094744274772 -2.132747041819117 -0.3998201512350733
2264 0.3623029240754335 -2.051181314893412 -0.482752829937705
2265 0.7136488875448619 -1.956729510985736 -0.4828783974364881
2266 0.7432573340183607 -2.034073393764048 -0.4000709542294665
2267 1.81370046566142 -1.047140452078972 -0.471404520791296
2268 1.895350123753962 -1.094280904157944 -0.3771236166333554
2269 1.390438815842786 -1.660375539234663 -0.4000060784412918
2270 1.338007098857679 -1.596232308819384 -0.4828458775254802
2271 1.600418660215562 -1.337642211806452 -0.4798698590919326
2272 1.668745529016867 -1.389707060782869 -0.3940507053420145
2273 2.03548454754759 -0.7428291568489793 -0.3988922877139406
2274 1.9574349839693 -0.7134347544915755 -0.4822889515473678
2275 2.05137264084474 -0.3603322112568553 -0.4829062686113469
2276 2.133129372318417 -0.3733679960330953 -0.4001267027000966
2277 2.099474268492191 1.212132034070659 0.4242640692825397
2278 2.221948755136497 1.28284271190361 0.5656854260912553
2279 2.353394252118645 0.4117118685356415 0.458797703234423
2280 2.491902757270342 0.4370200251994529 0.6002486349847985
2281 2.371324138971093 0.8675026440375887 0.604575717651028
2282 2.242429058514535 0.8198630692015055 0.4600355751269745
2283 2.199783228409438 1.270045439647424 0.2923745398676731
2284 2.340917016878449 1.351529070978171 0.3961872714194634
2285 2.426742028403469 1.401080157131829 0.1999101134949848
2286 2.283520563218219 1.318391208763738 0.1470955088264631
2287 2.481138868120469 0.4352840657448092 0.3172515450307896
2288 2.643451157874917 0.4644567128406273 0.4229381346071008
2289 2.752684383414213 0.4846776659642949 0.2158992606257547
2290 2.587725678647947 0.4552483618246216 0.1608409535427362
2291 2.365883965953243 0.8636110604276717 0.3184642785695194
2292 2.519093193094792 0.9199010227175618 0.4265980641000682
2293 2.62590299089042 0.9574382034442506 0.2165048494502701
2294 2.468859148096169 0.8999284190888392 0.1608350872535223
2295 1.212132034070659 2.09947426849219 0.4242640692825397
2296 1.282842711903611 2.221948755136497 0.5656854260912553
2297 1.844439357325014 1.531244451717037 0.4508906582353526
2298 1.951808882981358 1.620718895488095 0.5935529466846365
2299 1.624941391226034 1.9358125908307 0.6025116321569789
2300 1.53390588960754 1.830165594386673 0.4598388442290499
2301 1.269856771714723 2.199456447629014 0.2930264003456889
2302 1.351151735112768 2.340263455317602 0.3974909923754951
2303 1.401080165755094 2.426742021888944 0.1999101185871739
2304 1.318391213075311 2.283520559960963 0.147095511372582
2305 1.938916385911041 1.615738805805079 0.3119017829206536
2306 2.064640184228518 1.720564828428117 0.4183140645575502
2307 2.145561356411709 1.794237565051818 0.211758837239977
2308 2.017436895524479 1.687145325962941 0.1572525584888544
2309 1.618005283581814 1.929628877193882 0.3186027591570629
2310 1.724366524387117 2.054435457553393 0.4257612099908382
2311 1.79726229210906 2.141016584234945 0.2147259222567524
2312 1.688839905132232 2.013071188090614 0.1602240900870481
2313 0.8203530864822196 2.240933077206604 0.4612654793932731
2314 0.8678405322132688 2.370449221324489 0.6052678171256342
2315 0.4375228442054175 2.487624655578605 0.6039319955931841
2316 0.4149194267232328 2.350968673152556 0.4604096993080998
2317 0.8638665390329376 2.364582483523325 0.31980058550219
2318 0.9199837960607822 2.517901364198676 0.4280919552332447
2319 0.9580196324704899 2.625405240799293 0.2169551943776052
2320 0.9003261963867913 2.468257534037104 0.1613550050243869
2321 0.4374658066454682 2.479777430124374 0.3189074138965461
2322 0.4648787252388907 2.641110676774172 0.4265564675216672
2323 0.4855360501556127 2.751980439715052 0.2179502578282126
2324 0.4566629001794086 2.587278010939805 0.1617897399130081
2325 1.861198535069897 1.074563475461147 0.6362449561048648
2326 1.908696604477914 1.101986498843058 0.8010853914189628
2327 2.078305308512083 1.19991012194705 0.7009453400436525
2328 1.986827716133482 1.147095513052761 0.5390344783379742
2329 2.103788481116907 0.3698960958165051 0.6453113479942136
2330 2.156204320674281 0.3794599825825862 0.8077164276994329
2331 2.334478994191832 0.4103788026943289 0.7208816752760496
2332 2.233804183957651 0.3918733972231107 0.5605041886651171
2333 2.00637558674756 0.7316970552157062 0.6451084419686587
2334 2.055316180808617 0.749959358417329 0.8079279397317536
2335 2.223754133940536 0.8128343183167923 0.7220868975421658
2336 2.129619349399777 0.7778317352772597 0.5604895852872958
2337 1.073547759097943 1.859439257650256 0.6367824209803031
2338 1.099955066116651 1.905178049638633 0.8021603211698394
2339 1.19991012847957 2.078305301995743 0.7009453414360995
2340 1.14709551631902 1.986827712875312 0.5390344790341974
2341 1.640728716008351 1.371284453979543 0.6432278919887819
2342 1.68103877258854 1.404926694502279 0.8065859253398495
2343 1.826891256890478 1.522155413964455 0.715809404061717
2344 1.747818392842454 1.455931238218901 0.5549300542464305
2345 1.371442025124469 1.635194021686464 0.6457457314163454
2346 1.404876952811186 1.674155733706431 0.8086455850442605
2347 1.524046068383688 1.815924212663075 0.7206257729621008
2348 1.457242441455636 1.738149876156435 0.5603159259647602
2349 0.7311027325746915 2.005021537522836 0.6457673099420417
2350 0.7485565787711298 2.053313563793506 0.8086562222980428
2351 0.8124054887163914 2.223266766989695 0.7225921433612618
2352 0.7778314103232571 2.128670080598836 0.5613315489452647
2353 0.3705457311079527 2.102796544504482 0.6454491934877372
2354 0.3787885383785209 2.154411775747569 0.8081455553889619
2355 0.4103834434443971 2.33112132986607 0.7225946625393176
2356 0.3938464589892884 2.231934184159023 0.5612074085357927
2357 1.364627345696912 0.7878679653816364 0.42426406818713
2358 1.24215285810267 0.7171572870002396 0.5656854238989555
2359 1.529201241360151 0.2663375360277627 0.4005817813664953
2360 1.392362232340314 0.2420216785040743 0.544274568999324
2361 1.32705814310738 0.4857369922533233 0.5441910135899929
2362 1.457608885644157 0.5335218806731604 0.4005398637182801
2363 1.47727390034623 0.8529044839163261 0.5390344781312952
2364 1.385796309308731 0.80008987199063 0.7009453396293082
2365 1.555405008827921 0.8980135006570829 0.8010853909270166
2366 1.602903079152112 0.9254365242890469 0.6362449558591383
2367 1.665093079121071 0.2912658107702238 0.5251802611895704
2368 1.562953816654856 0.2729971813181854 0.6905397293944595
2369 1.761487080853141 0.309497885626155 0.7969312178692963
2370 1.814955577940514 0.318956655027167 0.6298420866419461
2371 1.58720267259886 0.5797387444745972 0.5248107801326173
2372 1.489170187736271 0.5439260991697999 0.6898009538418113
2373 1.680037889379773 0.6123734647569647 0.7968465323620469
2374 1.731174116840166 0.6310846770734201 0.6297996972535428
2375 0.7878679653816367 1.364627345696912 0.42426406818713
2376 0.7171572870002398 1.24215285810267 0.5656854238989555
2377 1.194546842340489 0.9937731614240155 0.4022343830416887
2378 1.086039098652696 0.9055014537833972 0.5450382738827431
2379 0.9068088090181587 1.083597125762796 0.543997941528374
2380 0.9958771580681629 1.190175952777916 0.4002232113567299
2381 0.8529044836611962 1.477273900278095 0.5390344780220044
2382 0.80008987148037 1.385796309172463 0.7009453394107271
2383 0.900044938345573 1.558923562585568 0.8021603210936636
2384 0.9264522431332923 1.604662356030935 0.6367824209424621
2385 1.297782861326044 1.083318344959927 0.5257049190865721
2386 1.216164249796925 1.016746602945084 0.6898971288121136
2387 1.371715671717696 1.149895643736098 0.7975378167399231
2388 1.413730897091889 1.183814544712798 0.6305678260808718
2389 1.084704170314137 1.294894717965719 0.5243789215441909
2390 1.017586123686369 1.214589790270653 0.689230595439462
2391 1.150178042328556 1.372655486718919 0.797543225241618
2392 1.184438411099192 1.413149912926441 0.6300747329080606
2393 0.5335218841062491 1.457608884434349 0.4005398637821024
2394 0.4857369990688196 1.327058141210762 0.5441910141913494
2395 0.2433378333968333 1.392005402142901 0.5441421476738035
2396 0.2670023582353079 1.529017503980818 0.4005114868140051
2397 0.5795148165312368 1.587567961980213 0.5249723541624203
2398 0.5434782399658752 1.489900768069415 0.6901241022383511
2399 0.6137823239733353 1.682783587208393 0.7976846630035236
2400 0.631789108119433 1.732546965136838 0.63021876248658
2401 0.2917200905772865 1.665371223325327 0.5253913304326628
2402 0.2738967246765541 1.563517207921399 0.6909673086670891
2403 0.3106055783316883 1.762707182382026 0.7973132422149384
2404 0.3195127597265717 1.815563851622027 0.6300317395263374
2405 1.180581053083101 0.6816087889939099 0.1470955083910016
2406 1.037359589060982 0.5989198383832232 0.1999101126235628
2407 1.123184596059463 0.6484709290295954 0.3961872681263287
2408 1.26431838562861 0.7299545603564829 0.2923745382213039
2409 1.336800595573215 0.2345600957948211 0.140454422677979
2410 1.176571338791425 0.2061915911624688 0.1952793991468143
2411 1.266673865180232 0.2210612114656719 0.3809673659649945
2412 1.42410454387803 0.248926118805257 0.2761132495475732
2413 1.274918633415182 0.4649125518104869 0.1397479880088205
2414 1.12190716826974 0.4090130694400512 0.1938666240360358
2415 1.20768281489427 0.4413011117219199 0.380906854613298
2416 1.357863915607772 0.4961802840375848 0.2760828947304789
2417 0.681608788676883 1.180581053318397 0.1470955085642701
2418 0.5989198377491696 1.037359589531573 0.1999101129700993
2419 0.6488482649773503 1.123838161431688 0.3974909948577449
2420 0.7301432283303606 1.264645168314797 0.2930264015870769
2421 1.041216953209448 0.8708761430375969 0.1395418720972378
2422 0.9155813773732673 0.7664294813838655 0.1926092484365539
2423 0.9874525823374614 0.8249330684533761 0.3820885479453084
2424 1.111203483975593 0.9268087710451092 0.2775199998383486
2425 0.8715804842657321 1.039762180578882 0.1388720175043568
2426 0.7668725915772435 0.9147734882985165 0.1922613897691223
2427 0.8257613206024834 0.986056947618226 0.3816452923479006
2428 0.9281891573777358 1.108404918124562 0.2763053871654383
2429 0.4649158446272258 1.27489158587869 0.139653201278893
2430 0.4090196760911637 1.121853142580021 0.1936771229607362
2431 0.4415728550415252 1.208079103024708 0.3817431457045337
2432 0.4963161466333157 1.358062026471953 0.2765010059809094
2433 0.2348070320124575 1.336720803196983 0.1403205077469342
2434 0.2066809785227609 1.176415377501913 0.195014362258995
2435 0.2221031202816782 1.266678745097043 0.3813001616066431
2436 0.2494515633599342 1.424103394755867 0.2762768861127359
2437 1.364627346652221 0.7878679659331843 -0.4242640692902257
2438 1.242152860014477 0.7171572881040216 -0.5656854261065193
2439 1.529201242779306 0.266337536355745 -0.4005817828988394
2440 1.392362235131215 0.2420216791388516 -0.5442745720136671
2441 1.327058144978275 0.4857369930114575 -0.5441910157279151
2442 1.457608886390319 0.5335218808650463 -0.4005398645451498
2443 1.264318386078918 0.7299545606164047 -0.2923745391222786
2444 1.123184596960794 0.6484709295498957 -0.3961872699291256
2445 1.037359589211933 0.5989198384190915 -0.1999101131931342
2446 1.180581053158378 0.6816087890117296 -0.1470955086755588
2447 1.424104544602137 0.2489261189746232 -0.2761132508654463
2448 1.266673866596828 0.2210612117905604 -0.3809673685672089
2449 1.17657133909956 0.2061915912466975 -0.1952794003618893
2450 1.336800595735224 0.2345600958404811 -0.1404544232939522
2451 1.35786391593326 0.4961802841087215 -0.2760828954971755
2452 1.207682815798532 0.4413011121144667 -0.3809068564704927
2453 1.121907168276223 0.4090130693953973 -0.193866624575474
2454 1.274918633171779 0.4649125515977128 -0.1397479879815688
2455 0.7878679659331846 1.364627346652221 -0.4242640692902257
2456 0.7171572881040218 1.242152860014477 -0.5656854261065193
2457 1.194546845239049 0.9937731616757067 -0.4022343854954671
2458 1.086039101359578 0.9055014550640665 -0.5450382769094447
2459 0.9068088105974993 1.083597128345857 -0.5439979446742709
2460 0.9958771585471132 1.190175954850996 -0.4002232133297129
2461 0.7301432285634837 1.26464516882777 -0.2930264025538186
2462 0.6488482654440536 1.123838162458426 -0.3974909967921431
2463 0.5989198377942572 1.03735958952081 -0.1999101130211534
2464 0.6816087886993124 1.180581053312817 -0.1470955085895684
2465 1.111203485731031 0.9268087710884138 -0.2775200016455563
2466 0.9874525837850241 0.8249330690597265 -0.3820885503070086
2467 0.9155813778232301 0.7664294813561915 -0.1926092491145557
2468 1.04121695394837 0.8708761428964619 -0.1395418727489285
2469 0.928189157517453 1.108404919353569 -0.2763053887342174
2470 0.825761321296048 0.9860569490340082 -0.3816452949522696
2471 0.7668725916565522 0.9147734885197834 -0.1922613903776858
2472 0.8715804842018841 1.039762180950117 -0.1388720179418722
2473 0.5335218844813154 1.457608885498387 -0.4005398649759203
2474 0.4857369997574862 1.327058143457824 -0.5441910166695956
2475 0.2433378337326391 1.392005404692146 -0.5441421503916376
2476 0.2670023583821555 1.529017505084505 -0.4005114880009116
2477 0.4963161467624504 1.358062027004711 -0.2765010069897791
2478 0.4415728552563644 1.20807910417039 -0.3817431477826613
2479 0.4090196760960967 1.121853142729971 -0.1936771235478504
2480 0.4649158446389587 1.274891585934129 -0.1396532015572731
2481 0.2494515634211934 1.424103395311864 -0.2762768872375437
2482 0.2221031204322735 1.266678746437065 -0.3813001640857137
2483 0.206680978509017 1.176415377750396 -0.1950143633089443
2484 0.234807031998568 1.336720803264166 -0.1403205082144971
2485 1.60290307958727 0.925436524540259 -0.6362449559935499
2486 1.555405009698634 0.8980135011597359 -0.8010853911962972
2487 1.38579630945501 0.8000898726317169 -0.70094533989116
2488 1.477273900418973 0.8529044842366407 -0.5390344782617638
2489 1.814955578472861 0.3189566551698618 -0.6298420868014554
2490 1.761487081902001 0.3094978859044779 -0.7969312181714961
2491 1.562953818617456 0.272997181938827 -0.6905397306315103
2492 1.665093080118206 0.2912658110876061 -0.5251802618249127
2493 1.731174117179259 0.6310846771689238 -0.6297996972727896
2494 1.68003789018241 0.6123734650773903 -0.7968465325617913
2495 1.489170188443447 0.5439260997818992 -0.6898009543303376
2496 1.587202672826254 0.5797387446558211 -0.5248107802155197
2497 0.9264522430747433 1.604662355871082 -0.6367824208984298
2498 0.9000449382287046 1.558923562266256 -0.8021603210060564
2499 0.8000898719098141 1.385796310663607 -0.7009453402928477
2500 0.8529044838756897 1.477273901023271 -0.5390344784626077
2501 1.413730898091806 1.183814544690819 -0.6305678265897291
2502 1.371715672686273 1.149895643950249 -0.7975378171322468
2503 1.216164250733676 1.016746603809549 -0.6898971297514896
2504 1.297782862825127 1.083318345133585 -0.5257049201823947
2505 1.18443841118494 1.413149913342472 -0.6300747331389931
2506 1.15017804270654 1.372655487030206 -0.7975432254370647
2507 1.017586124256575 1.214589792193229 -0.6892305966294527
2508 1.084704170391974 1.294894719448294 -0.5243789224057309
2509 0.6317891080753119 1.732546965167537 -0.6302187624755887
2510 0.6137823238645975 1.682783587309486 -0.7976846630118141
2511 0.5434782402331567 1.489900769919618 -0.6901241033390457
2512 0.5795148166853705 1.587567962865629 -0.5249723546825216
2513 0.3195127597029686 1.815563851862281 -0.6300317395342994
2514 0.3106055782983293 1.762707182976657 -0.7973132423456589
2515 0.2738967248129263 1.563517210085206 -0.6909673099350027
2516 0.2917200906307547 1.665371224293261 -0.5253913309518209
2517 2.09947426934679 1.212132034564062 -0.4242640682957328
2518 2.221948756847072 1.282842712891211 -0.565685424116053
2519 2.353167486646908 0.4101588541877946 -0.4592407799282693
2520 2.491449227445264 0.4339139901895279 -0.6011347883559102
2521 2.37132414102968 0.8675026492925751 -0.6045757141902166
2522 2.242429059307856 0.8198630783746736 -0.460035571371857
2523 1.98682771640049 1.147095513418547 -0.5390344780956752
2524 2.078305309047017 1.199910122679152 -0.7009453395579958
2525 1.908696605257229 1.101986499292577 -0.8010853911780274
2526 1.861198535459325 1.074563475685774 -0.6362449559846618
2527 2.233592562663816 0.3908444846035002 -0.5607110418141381
2528 2.334055752350956 0.4083209732458229 -0.7212953815642111
2529 2.155927597931033 0.3785638918974392 -0.807823251267301
2530 2.103650119558274 0.3694480515261978 -0.6453647597802904
2531 2.129619349760021 0.7778317414015854 -0.5604895831499455
2532 2.223754134974184 0.8128343218373383 -0.7220868959654858
2533 2.055316181271781 0.7499593601716498 -0.8079279391372844
2534 2.006375586901252 0.7316970582750404 -0.6451084409973438
2535 1.212132034564062 2.09947426934679 -0.4242640682957328
2536 1.282842712891212 2.221948756847072 -0.565685424116053
2537 1.844439362052525 1.531244448697389 -0.4508906566093335
2538 1.951808886043133 1.620718895559245 -0.5935529444495213
2539 1.624941392569356 1.935812592922241 -0.6025116299487951
2540 1.533905888740557 1.830165596704779 -0.4598388431364758
2541 1.147095516841939 1.986827713009652 -0.5390344788131793
2542 1.199910129525938 2.078305302265338 -0.7009453409930042
2543 1.099955065387179 1.905178050095307 -0.8021603211619364
2544 1.073547758733075 1.859439257878364 -0.6367824209766162
2545 1.747818395823953 1.455931235985547 -0.5549300535700332
2546 1.826891258556268 1.522155413601236 -0.7158094033850489
2547 1.681038773480471 1.404926694603228 -0.8065859250685837
2548 1.640728717519482 1.371284453015828 -0.6432278916862659
2549 1.457242440832522 1.738149877385711 -0.5603159256778778
2550 1.524046069188602 1.815924213424722 -0.720625772372406
2551 1.404876952567714 1.674155734550945 -0.808645584926753
2552 1.371442024490043 1.635194022533061 -0.6457457313617392
2553 0.8203530940599683 2.240933076828453 -0.4612654772562992
2554 0.867840536912725 2.37044922235225 -0.6052678147704595
2555 0.4375228452751834 2.487624658318032 -0.6039319929198751
2556 0.4149194274003424 2.350968676018688 -0.4604096964731629
2557 0.7778314155305869 2.128670080070757 -0.5613315478609084
2558 0.8124054921567897 2.223266767121591 -0.722592142470282
2559 0.7485565796380171 2.053313563944713 -0.8086562220303379
2560 0.7311027347481618 2.005021537303002 -0.6457673094895436
2561 0.3938464595327237 2.231934185955007 -0.5612074069230729
2562 0.4103834443418461 2.331121331462541 -0.7225946613118583
2563 0.3787885384121425 2.154411776617145 -0.8081455549253046
2564 0.3705457311723483 2.102796545438035 -0.6454491927564709
2565 2.2835205641124 1.318391207376514 -0.1470955085162398
2566 2.426742030192288 1.401080154357646 -0.1999101128740087
2567 2.340917017685378 1.351529071442991 -0.3961872698062662
2568 2.199783228812444 1.270045439879569 -0.292374539061604
2569 2.587748079107907 0.4546989168215373 -0.1611003628844085
2570 2.752729185749581 0.4835787926089454 -0.2164180750326984
2571 2.643322062142897 0.4623124737001068 -0.4237358079589791
2572 2.481074319262722 0.4342119528068785 -0.3176503815394472
2573 2.468859148509622 0.8999284210379146 -0.1608350858005823
2574 2.625902991872288 0.9574382029796641 -0.2165048478924801
2575 2.519093194527243 0.919901025529639 -0.4265980609725318
2576 2.365883966513303 0.863611066196951 -0.3184642756569129
2577 1.318391212614626 2.283520560856267 -0.1470955092850467
2578 1.401080164833976 2.426742023680013 -0.1999101144115789
2579 1.351151735244567 2.340263458382138 -0.3974909876887809
2580 1.269856771780358 2.199456449160824 -0.2930263980028611
2581 2.017436897523337 1.687145324284287 -0.157252557380497
2582 2.14556135829994 1.794237563731435 -0.2117588353346913
2583 2.064640186113421 1.720564829018604 -0.4183140617344273
2584 1.938916388986704 1.615738804065294 -0.3119017811730314
2585 1.688839905025881 2.013071188973198 -0.160224087897071
2586 1.797262292921597 2.141016585151391 -0.2147259178685213
2587 1.724366525108029 2.054435460130839 -0.4257612061158461
2588 1.618005282915784 1.929628879331883 -0.3186027572275876
2589 0.9003261987970881 2.468257533941045 -0.1613550035035926
2590 0.958019633804963 2.625405241199761 -0.2169551919734292
2591 0.9199837986632277 2.517901366090507 -0.4280919512764128
2592 0.863866543819906 2.364582483875626 -0.3198005828853472
2593 0.4566629004245643 2.587278011728158 -0.1617897387102417
2594 0.4855360505511058 2.751980440294159 -0.2179502564215704
2595 0.4648787255831894 2.641110679037939 -0.4265564642870686
2596 0.4374658069124324 2.479777432253818 -0.3189074112804184
2597 1.732050807568877 0.9999999999999999 -1.081640629586862e-13
2598 1 1.732050807568877 -1.081640629586862e-13
2599 1.910683602522959 0.3333333333333333 -1.081640629586862e-13
2600 1.821367205045918 0.6666666666666665 -1.081640629586862e-13
2601 1.81370046566188 1.047140452079236 0.09428090415786922
2602 1.895350123754882 1.094280904158471 0.1885618083158466
2603 1.813700465661421 1.047140452078971 -0.09428090415854296
2604 1.895350123753964 1.094280904157942 -0.1885618083169777
2605 2.012084317337622 0.3510234595128321 0.105782257161277
2606 2.113485032152286 0.368713585692331 0.2115645143226622
2607 2.016145053720624 0.7370378851325037 0.2103302884019113
2608 1.918756129383271 0.701852275899585 0.1051651442009015
2609 2.012084316964823 0.3510234616175759 -0.1057822571669482
2610 1.918756129225956 0.7018522802633683 -0.1051651428512378
2611 2.016145053405992 0.7370378938600701 -0.2103302857023675
2612 2.113485031406687 0.3687135899018185 -0.2115645143337883
2613 1.895350123754423 1.094280904158206 -4.010657939760046e-13
2614 1.976999781847425 1.141421356237442 0.09428090415774089
2615 2.058649439939968 1.188561808316412 -3.650945679781495e-13
2616 1.976999781846966 1.141421356237177 -0.09428090415867148
2617 2.114331886229085 0.3693861429432451 1.114730021719903e-10
2618 2.216579310676579 0.3877487893998777 0.1057824200575886
2619 2.319673298611928 0.4067839479466216 -2.850946076391394e-09
2620 2.216579309826078 0.3877488037932567 -0.1057824212600615
2621 2.016729065670687 0.7370085760997981 8.991773305978941e-10
2622 2.114701937360171 0.7721648495443649 0.105165220789728
2623 2.213258691490724 0.8072917691717504 8.987145757634454e-10
2624 2.114701937203606 0.7721648539077736 -0.105165218541962
2625 1.488033871712585 1.244016935856292 -1.081640629586862e-13
2626 1.244016935856293 1.488033871712585 -1.081640629586862e-13
2627 1.047140452079236 1.813700465661879 0.09428090415786922
2628 1.094280904158472 1.895350123754881 0.1885618083158466
2629 1.047140452078971 1.813700465661421 -0.09428090415854296
2630 1.094280904157942 1.895350123753964 -0.1885618083169777
2631 1.571045858364613 1.309934626552855 0.1027427899286174
2632 1.654057845016641 1.375852317249417 0.205485579857343
2633 1.376585903944795 1.645690355865959 0.2114440375340445
2634 1.310301419900544 1.566862113789272 0.1057220187669682
2635 1.571045860495696 1.309934624516039 -0.1027427895897873
2636 1.310301418874781 1.566862114637496 -0.1057220187747908
2637 1.376585901893268 1.645690357562406 -0.2114440375494735
2638 1.654057849278807 1.375852313175786 -0.2054855791794665
2639 1.094280904158207 1.895350123754423 -4.009686494613499e-13
2640 1.141421356237407 1.976999781847428 0.09428090415772632
2641 1.188561808316262 2.058649439939984 -3.615696098749646e-13
2642 1.141421356237137 1.976999781846971 -0.09428090415865495
2643 1.651762440393084 1.376928180858152 2.239923570040676e-10
2644 1.732478050653367 1.443920913349834 0.1027442410470465
2645 1.81089631703595 1.511987861754224 2.076074589361719e-10
2646 1.732478052794485 1.443920911315437 -0.1027442404952039
2647 1.377415688141082 1.646182245517885 -5.395164993243824e-12
2648 1.444529897605666 1.725502308470429 0.1057221195736276
2649 1.512473771660825 1.805314125221692 -5.529774909046515e-12
2650 1.444529896578765 1.725502309319894 -0.1057221195871288
2651 0.6666666666666669 1.821367205045918 -1.081640629586862e-13
2652 0.3333333333333335 1.910683602522959 -1.081640629586862e-13
2653 0.7020663246948345 1.918050447726852 0.1057543805535652
2654 0.7374659827230023 2.014733690407785 0.2115087611072385
2655 0.3726551172718099 2.113102994658659 0.2112582686819742
2656 0.3529942253025716 2.011893298590809 0.105629134340933
2657 0.7020663281801818 1.918050447132164 -0.1057543799141184
2658 0.3529942253973894 2.011893299588421 -0.1056291333422223
2659 0.3726551174614455 2.113102996653882 -0.2112582666843364
2660 0.7374659896936965 2.01473368921841 -0.2115087598281286
2661 0.7372940314558166 2.015788308059181 4.25569814002374e-10
2662 0.7725216804125361 2.113526020541362 0.1057545388361475
2663 0.8075772694647876 2.212318053786727 4.24929747299039e-10
2664 0.7725216838981568 2.113526019947404 -0.1057545377724889
2665 0.3720137849327332 2.114076957613702 6.658375309722183e-10
2666 0.3910333389148015 2.216260584286351 0.1056291665146217
2667 0.4094115494512338 2.319418111208652 6.659151771950045e-10
2668 0.3910333390096152 2.216260585283898 -0.105629164849935
2669 1.568751491382936 0.9057190958415646 -0.1885618083159908
2670 1.650401149475907 0.9528595479207822 -0.0942809041580495
2671 1.747588034459251 0.3048800401595367 -0.1712593291893773
2672 1.829135818491105 0.319106686746435 -0.08562966459474272
2673 1.743631345964733 0.638213367350656 -0.08562957112086696
2674 1.665895486883548 0.6097600680346454 -0.1712591422416258
2675 1.650401149475764 0.9528595479206998 -0.282842712474426
2676 1.732050807568592 0.9999999999998355 -0.1885618083164846
2677 1.813700465661278 1.047140452078889 -0.2828427124749196
2678 1.732050807568593 0.9999999999998352 -0.377123616632861
2679 1.848849796249235 0.3233641367799614 -0.275141412565759
2680 1.93046711642691 0.3371938096289916 -0.1904618955887238
2681 2.031798295107118 0.3552809116899194 -0.2952942476423037
2682 1.950111319528025 0.3418481917571284 -0.3790237380613381
2683 1.763075538643601 0.6443183740389807 -0.2749355128087044
2684 1.840915860430605 0.6730853368339182 -0.1900503560396226
2685 1.938200260749925 0.7079572659570492 -0.2944712620066348
2686 1.860255362110554 0.6788765993230538 -0.3786121254722957
2687 0.905719095841565 1.568751491382935 -0.1885618083159908
2688 0.9528595479207825 1.650401149475906 -0.0942809041580495
2689 1.364714349983208 1.136035557476995 -0.1729536627210292
2690 1.426374110847896 1.190026246666644 -0.08647683136056868
2691 1.190993126069771 1.424274174927102 -0.08548282732845705
2692 1.137969316283249 1.360514478141619 -0.1709656546568059
2693 0.9528595479207004 1.650401149475764 -0.282842712474426
2694 0.9999999999998355 1.732050807568592 -0.1885618083164845
2695 1.047140452078888 1.813700465661279 -0.2828427124749197
2696 0.999999999999835 1.732050807568594 -0.3771236166328613
2697 1.443283867389982 1.203238953816235 -0.2752572209659315
2698 1.507165291703316 1.256587106412096 -0.189000535350683
2699 1.587955726819637 1.323147346425378 -0.2915252089748313
2700 1.521851893318556 1.270441110691134 -0.3775627184789016
2701 1.204648669213092 1.439087197934922 -0.2749255858426635
2702 1.257475067982062 1.502974684901359 -0.1903238396163632
2703 1.32395696092946 1.581675137410335 -0.2951649273916223
2704 1.27132792421315 1.517659802797661 -0.3788856680032263
2705 0.6097600683589852 1.665895486707939 -0.1712591421881993
2706 0.6382133675128261 1.743631345876928 -0.08562957109415374
2707 0.3191111832327796 1.82913227017426 -0.08562694187013391
2708 0.3048890331322257 1.747580937825562 -0.1712538837401597
2709 0.6443897543170604 1.762840377072017 -0.2751319974559098
2710 0.673228064039163 1.84044546944774 -0.1904432503203776
2711 0.7082427189708337 1.937259479332304 -0.2952570506031392
2712 0.6790193570858034 1.859785040063602 -0.3790050948366956
2713 0.3240270519552031 1.848781285176251 -0.2750866392972125
2714 0.338510641341154 1.930337304535115 -0.1903578987287984
2715 0.3579100698635666 2.031542221970015 -0.2950889750527453
2716 0.3431650116062561 1.949981398675029 -0.3789196337848298
2717 1.568751491383728 0.905719095842022 0.1885618083168336
2718 1.650401149476303 0.9528595479210109 0.0942809041583627
2719 1.747588034427645 0.3048800401454119 0.1712593291557416
2720 1.665895487135929 0.6097600682842206 0.1712591425643421
2721 1.743631346090924 0.6382133674754434 0.08562957128211696
2722 1.829135818475302 0.3191066867393725 0.08562966457781672
2723 1.650401149476445 0.9528595479210932 0.2828427124748114
2724 1.732050807569162 1.000000000000164 0.377123616632789
2725 1.813700465662021 1.047140452079318 0.2828427124743182
2726 1.732050807569162 1.000000000000165 0.1885618083163405
2727 1.848849796352794 0.3233641360690351 0.2751414125418603
2728 1.950111319766815 0.3418481903493956 0.3790237380472449
2729 2.031798295599702 0.3552809088813739 0.2952942476300623
2730 1.930467116665284 0.3371938082211888 0.1904618955741229
2731 1.763075538863785 0.6443183727506322 0.2749355134731909
2732 1.860255362297372 0.6788765964997674 0.3786121264785456
2733 1.938200261000184 0.7079572601814516 0.2944712638590175
2734 1.840915860619121 0.6730853340077667 0.1900503570464407
2735 0.9057190958420224 1.568751491383728 0.1885618083168336
2736 0.9528595479210112 1.650401149476302 0.0942809041583627
2737 1.364714347923049 1.136035557995186 0.1729536614670535
2738 1.137969316697542 1.360514477099553 0.1709656541233545
2739 1.190993126276918 1.424274174406069 0.08548282706162315
2740 1.426374109817817 1.190026246925739 0.08647683073347266
2741 0.9528595479210933 1.650401149476445 0.2828427124748111
2742 1.000000000000165 1.732050807569162 0.3771236166327893
2743 1.047140452079317 1.813700465662023 0.2828427124743179
2744 1.000000000000164 1.732050807569162 0.1885618083163401
2745 1.443283865305595 1.203238954837126 0.2752572202422929
2746 1.521851891210831 1.270441112215461 0.3775627182844608
2747 1.587955723611078 1.323147349247074 0.2915252092170706
2748 1.507165289583775 1.256587107952308 0.1890005351585393
2749 1.204648669831241 1.43908719695698 0.2749255854844574
2750 1.271327925034397 1.517659801884691 0.3788856678200602
2751 1.323956962365721 1.581675136105475 0.2951649272921485
2752 1.257475068803955 1.5029746839882 0.190323839433261
2753 0.6097600683180079 1.665895486787264 0.1712591422485341
2754 0.3048890331602994 1.747580938053476 0.1712538839694351
2755 0.3191111832468164 1.829132270288218 0.08562694198466345
2756 0.6382133674923374 1.743631345916591 0.08562957112421297
2757 0.6443897531297188 1.76284037732189 0.27513199770862
2758 0.6790193547521043 1.859785040483982 0.3790050952817138
2759 0.7082427143144943 1.937259480137574 0.2952570514650042
2760 0.6732280617007469 1.840445469870216 0.1904432507663565
2761 0.3240270519431036 1.848781284995699 0.275086639783188
2762 0.3431650115520407 1.949981398086092 0.3789196345272547
2763 0.3579100697419012 2.031542220677726 0.2950889764229502
2764 0.3385106412878255 1.93033730394593 0.1903578994712284
2765 1.405452175197797 0.8114381916835842 2.927033222537173e-13
2766 1.487101833290477 0.8585786437625067 0.09428090415816764
2767 1.568751491383075 0.9057190958414965 2.344721246121278e-13
2768 1.487101833290132 0.8585786437622787 -0.09428090415749826
2769 1.580549486201003 0.2769124544246869 -1.125962664676726e-11
2770 1.664068874453212 0.2908962667220691 0.0856296066780723
2771 1.746602403541594 0.3050014864526635 -1.122531612937707e-11
2772 1.664068874468996 0.2908962667289348 -0.08562960670609865
2773 1.507252121853684 0.5504614631227646 3.959490429018071e-10
2774 1.586573906461804 0.5801108021810191 0.08562950610252788
2775 1.665102677257648 0.6091621030470519 1.078857220197959e-10
2776 1.586573906457375 0.5801108021411345 -0.08562950568872783
2777 0.8114381916835842 1.405452175197797 2.929438705757194e-13
2778 0.8585786437625075 1.487101833290577 0.09428090415825413
2779 0.9057190958414968 1.568751491383148 2.568893778510174e-13
2780 0.8585786437622785 1.48710183329018 -0.0942809041575398
2781 1.232807709856442 1.028894671047915 -4.169318384876197e-10
2782 1.298761580940926 1.082465539027458 0.08647613569313463
2783 1.362568121921419 1.136246105098738 -4.176198159404043e-10
2784 1.298761581973841 1.08246553876583 -0.08647613673678604
2785 1.030182101263389 1.230005500850692 -1.776569616193365e-10
2786 1.084075743724996 1.295260030511627 0.08548277281994039
2787 1.137534452269679 1.359767123487642 -1.777778510289304e-10
2788 1.08407574351791 1.295260031032712 -0.08548277326427049
2789 0.5504614354619666 1.50725202961059 2.022386740576772e-11
2790 0.5801107832710696 1.58657383919996 0.08562948431593408
2791 0.6091620910836321 1.665102633038583 2.008138184538026e-11
2792 0.5801107832938445 1.586573839159541 -0.08562948426560524
2793 0.276918434679268 1.58054465480106 7.653703448496066e-11
2794 0.2909037486865985 1.664062881133466 0.08562685603917848
2795 0.3050074733430949 1.746597618006951 7.643702652008828e-11
2796 0.2909037486725587 1.664062881019486 -0.08562685584798183
2797 -1.212132034070658 2.099474268492191 0.4242640692825397
2798 -1.28284271190361 2.221948755136497 0.5656854260912553
2799 -0.4149194261033252 2.350968675021839 0.4604096975616271
2800 -0.4375228437342027 2.48762465635195 0.6039319948858999
2801 -0.8678405367361687 2.370449220700892 0.6052678162972858
2802 -0.8203530943989686 2.240933074436333 0.4612654793438319
2803 -1.269856771529335 2.199456449046058 0.2930263983908871
2804 -1.351151734741994 2.34026345815169 0.3974909884658919
2805 -1.401080162579291 2.426742025206086 0.199910113668283
2806 -1.318391211487381 2.283520561619538 0.1470955089131473
2807 -0.4374658066460314 2.479777431730352 0.3189074121152693
2808 -0.4648787255150693 2.641110678051362 0.4265564658164067
2809 -0.4855360516340798 2.751980439902747 0.2179502570553122
2810 -0.4566629010279004 2.587278011485904 0.1617897390621947
2811 -0.863866544404735 2.364582482382536 0.3198005841012015
2812 -0.91998379917464 2.517901365224716 0.4280919519423063
2813 -0.9580196331439791 2.625405241672571 0.2169551904612552
2814 -0.9003261986974789 2.46825753362329 0.1613550031890521
2815 -2.09947426849219 1.212132034070659 0.4242640692825397
2816 -2.221948755136497 1.282842711903611 0.5656854260912553
2817 -1.533905885657441 1.830165595673001 0.4598388457403692
2818 -1.624941388373955 1.935812591503714 0.6025116333971954
2819 -1.951808880832641 1.620718895296793 0.5935529483994918
2820 -1.844439355396793 1.531244450232487 0.4508906606368591
2821 -2.199783228409976 1.270045439647115 0.2923745398671336
2822 -2.340917016879526 1.351529070977551 0.3961872714183845
2823 -2.426742026530252 1.401080160967658 0.1999101123630685
2824 -2.28352056228161 1.318391210681653 0.1470955082605049
2825 -1.61800528165264 1.9296288785996 0.3186027589482402
2826 -1.72436652325248 2.054435459635192 0.4257612083836769
2827 -1.797262289939975 2.141016587097031 0.2147259188958091
2828 -1.68883990385191 2.013071189297402 0.1602240887042077
2829 -1.938916385397922 1.615738804618392 0.3119017839387193
2830 -2.06464018380212 1.720564828549803 0.4183140645356103
2831 -2.145561354971198 1.794237567122824 0.2117588355259575
2832 -2.017436895054172 1.687145325891868 0.1572525581500129
2833 -2.242429043301075 0.8198630753979468 0.4600355873375165
2834 -2.371324131872828 0.8675026475416667 0.6045757232107005
2835 -2.491449229098293 0.4339140142938269 0.6011347832898691
2836 -2.353167486077551 0.4101588634468307 0.4592407792503803
2837 -2.365883955857998 0.8636110637883617 0.3184642868710917
2838 -2.51909318842551 0.9199010235916212 0.42659806812646
2839 -2.625902987435206 0.9574382076343154 0.2165048505372188
2840 -2.468859142514567 0.899928422575308 0.1608350909416791
2841 -2.481074318901299 0.4342119533703543 0.3176503808295773
2842 -2.643322062001947 0.4623124878440479 0.4237358037204932
2843 -2.75272918411769 0.4835788123622625 0.2164180711915609
2844 -2.587748078389502 0.4546989349078774 0.161100359446643
2845 -1.073547760362326 1.85943925713189 0.6367824209324313
2846 -1.099955068645418 1.905178048601901 0.802160321074096
2847 -1.199910128335337 2.078305302315994 0.700945341315879
2848 -1.147095516246904 1.986827713035438 0.5390344789740869
2849 -0.3705457317018405 2.10279654496103 0.6454491928850999
2850 -0.3787885394981657 2.154411775729579 0.8081455551124327
2851 -0.4103834432404077 2.331121330402727 0.7225946619869222
2852 -0.3938464587119945 2.231934185401403 0.5612074073309761
2853 -0.7311027362116257 2.00502153619794 0.645767310065403
2854 -0.7485565821361312 2.053313562830441 0.8086562222994659
2855 -0.8124054917177718 2.223266766884069 0.7225921429452652
2856 -0.7778314156299607 2.128670078895228 0.5613315489815363
2857 -1.861198535070264 1.074563475461114 0.6362449561047842
2858 -1.908696604478648 1.101986498842992 0.8010853914188013
2859 -2.078305307004612 1.199910124396619 0.7009453400909393
2860 -1.986827715379747 1.147095514277545 0.5390344783616174
2861 -1.371442025678305 1.63519402065854 0.6457457318215146
2862 -1.404876954533719 1.674155731911936 0.80864558525932
2863 -1.524046066281484 1.815924213312756 0.7206257736039963
2864 -1.457242438988961 1.738149876891054 0.5603159268803852
2865 -1.640728716412353 1.371284452188601 0.6432278927131306
2866 -1.681038773076442 1.404926692908185 0.8065859257593786
2867 -1.826891254699168 1.522155414620983 0.7158094050638802
2868 -1.747818391420404 1.455931237333171 0.5549300557752022
2869 -2.006375581772852 0.7316970571880023 0.6451084461135953
2870 -2.05531617858281 0.7499593595369158 0.8079279417322167
2871 -2.223754128587763 0.8128343222036218 0.722086901470797
2872 -2.129619338960733 0.777831740149299 0.560489593539885
2873 -2.103650120109236 0.3694480537161776 0.6453647601700879
2874 -2.155927599905419 0.3785638984630497 0.8078232508091393
2875 -2.334055754516309 0.4083209896999878 0.7212953792924107
2876 -2.233592562830526 0.3908444908876494 0.5607110419155531
2877 -0.7878679653816363 1.364627345696912 0.42426406818713
2878 -0.7171572870002395 1.24215285810267 0.5656854238989555
2879 -0.2670023577699471 1.529017504023154 0.4005114867755474
2880 -0.243337832822279 1.39200540222244 0.5441421476530462
2881 -0.4857369986772576 1.327058141282973 0.5441910141245817
2882 -0.5335218837212148 1.457608884432763 0.400539863648273
2883 -0.8529044839414105 1.477273900015963 0.539034477971096
2884 -0.8000898720407993 1.385796308648198 0.7009453393089098
2885 -0.9000449381782133 1.558923562676913 0.802160321092469
2886 -0.9264522430496124 1.604662356076608 0.6367824209418647
2887 -0.2917200905433823 1.665371223268631 0.5253913303855193
2888 -0.2738967246845199 1.563517207832935 0.6909673086104313
2889 -0.310605578425748 1.76270718239822 0.7973132422191891
2890 -0.3195127598763138 1.815563851602499 0.6300317395190375
2891 -0.5795148165499665 1.587567961788806 0.5249723540221509
2892 -0.5434782401863787 1.489900767762201 0.6901241020916244
2893 -0.6137823239937651 1.682783587272854 0.797684663005599
2894 -0.6317891081358825 1.732546965131217 0.630218762454191
2895 -1.364627345696912 0.7878679653816368 0.42426406818713
2896 -1.24215285810267 0.71715728700024 0.5656854238989555
2897 -0.9958771567561056 1.19017595510675 0.4002232123134221
2898 -0.9068088082935497 1.083597127426792 0.5439979423646139
2899 -1.086039096288306 0.9055014556625312 0.5450382732730792
2900 -1.194546837705845 0.9937731647327629 0.4022343815943178
2901 -1.477273900278095 0.8529044836611965 0.5390344780220044
2902 -1.385796309172463 0.8000898714803701 0.7009453394107269
2903 -1.555405008828053 0.8980135006570548 0.8010853909270433
2904 -1.602903079152178 0.9254365242890331 0.6362449558591518
2905 -1.084704170149537 1.294894718791682 0.5243789220524426
2906 -1.017586124089368 1.214589790373804 0.6892305957387843
2907 -1.150178043190169 1.372655486482754 0.7975432254297059
2908 -1.184438411745782 1.413149912861106 0.6300747331811589
2909 -1.297782858767363 1.083318346371055 0.5257049180439283
2910 -1.216164248839904 1.016746603145949 0.689897128243934
2911 -1.371715671916934 1.149895643412379 0.7975378165415752
2912 -1.413730896486117 1.183814544805216 0.6305678256037949
2913 -1.457608885060399 0.5335218808366931 0.4005398632251526
2914 -1.327058142680387 0.4857369926136807 0.5441910133105859
2915 -1.392362216550967 0.2420218297357962 0.5442745794327586
2916 -1.52920120995263 0.2663378379423694 0.4005818023123655
2917 -1.58720267216285 0.5797387443605103 0.5248107797369018
2918 -1.489170187327036 0.5439260990476896 0.6898009535213858
2919 -1.680037889234414 0.6123734646740356 0.7968465322597842
2920 -1.731174116669385 0.6310846769570547 0.6297996970846698
2921 -1.665093058083886 0.2912660118352322 0.5251802751894837
2922 -1.562953806002871 0.2729972818959533 0.6905397363197955
2923 -1.761487075626048 0.3094979357450818 0.7969312213973874
2924 -1.814955567470407 0.3189567553493402 0.6298420936975047
2925 -0.6816087889239467 1.180581053127697 0.1470955084049351
2926 -0.5989198382432972 1.037359589150173 0.1999101126514296
2927 -0.648848264983881 1.123838160788127 0.3974909939030646
2928 -0.7301432283335985 1.264645167992993 0.2930264011097022
2929 -0.2348070321613195 1.336720803138655 0.1403205076602336
2930 -0.2066809786863302 1.176415377427974 0.1950143621044608
2931 -0.2221031199868253 1.266678744970945 0.3813001613019041
2932 -0.2494515631569979 1.424103394683446 0.2762768859415642
2933 -0.4649158447887479 1.274891585750072 0.1396532011523982
2934 -0.4090196763960537 1.121853142400582 0.193677122774611
2935 -0.4415728547637279 1.208079102643606 0.3817431449268984
2936 -0.4963161464055608 1.358062026242665 0.2765010055252111
2937 -1.180581053282354 0.6816087886560735 0.1470955084049355
2938 -1.037359589459487 0.5989198377075509 0.1999101126514301
2939 -1.12318459605966 0.6484709290295471 0.396187268126551
2940 -1.264318385628783 0.7299545603564632 0.2923745382214815
2941 -0.8715804847053701 1.039762180520891 0.138872017739975
2942 -0.7668725923394446 0.9147734878131781 0.1922613898820823
2943 -0.82576132031167 0.9860569479776279 0.3816452923175098
2944 -0.9281891567868389 1.10840491914514 0.2763053875089229
2945 -1.041216952427886 0.8708761431768517 0.1395418715667836
2946 -0.9155813774901993 0.7664294808322426 0.1926092481323123
2947 -0.9874525809464952 0.8249330691595701 0.3820885472398163
2948 -1.111203481130211 0.9268087727925776 0.2775199987261393
2949 -1.274918633119434 0.4649125513705592 0.1397479875531226
2950 -1.121907168205162 0.4090130689501633 0.1938666237531358
2951 -1.207682814617846 0.4413011119343592 0.3809068544029962
2952 -1.357863915235956 0.4961802840965691 0.2760828943897378
2953 -1.336800585096093 0.2345601961000108 0.1404544297064873
2954 -1.176571333574537 0.2061916411780664 0.1952794026528819
2955 -1.266673854635976 0.2210613122076895 0.3809673729224864
2956 -1.424104522890318 0.2489263199673728 0.2761132635415756
2957 -0.7878679659331842 1.364627346652221 -0.4242640692902257
2958 -0.7171572881040215 1.242152860014477 -0.5656854261065193
2959 -0.2670023580185514 1.529017504953712 -0.4005114878055317
2960 -0.2433378334998369 1.392005404525099 -0.5441421501789837
2961 -0.4857369995769877 1.327058143343878 -0.5441910164928195
2962 -0.5335218841968357 1.457608885465897 -0.4005398648437627
2963 -0.7301432285270487 1.264645168546337 -0.2930264021024722
2964 -0.6488482653711833 1.123838161895557 -0.3974909958894493
2965 -0.5989198383481789 1.037359589000276 -0.1999101123556406
2966 -0.6816087889762731 1.18058105305255 -0.1470955082568121
2967 -0.2494515632540327 1.424103395127811 -0.2762768869231734
2968 -0.2221031203011035 1.266678746154115 -0.3813001635758759
2969 -0.2066809788058495 1.176415377599072 -0.1950143629873145
2970 -0.2348070321910214 1.336720803150546 -0.140320508023913
2971 -0.4963161465957731 1.358062026794925 -0.2765010065646021
2972 -0.4415728551096353 1.208079103744631 -0.3817431469905495
2973 -0.409019676503697 1.121853142429551 -0.1936771230179472
2974 -0.464915844851642 1.274891585765257 -0.1396532012778314
2975 -1.364627346652221 0.7878679659331848 -0.4242640692902257
2976 -1.242152860014477 0.7171572881040219 -0.5656854261065193
2977 -0.9958771572556264 1.190175955642267 -0.4002232130971056
2978 -0.9068088096125732 1.083597128647216 -0.5439979442518872
2979 -1.086039098843677 0.9055014566407622 -0.5450382759845107
2980 -1.19454684042243 0.9937731644682294 -0.4022343835755597
2981 -1.264318386079051 0.7299545606163261 -0.2923745391223648
2982 -1.123184596960967 0.6484709295497163 -0.3961872699292077
2983 -1.03735958952081 0.5989198377942572 -0.1999101130211534
2984 -1.180581053312817 0.6816087886993125 -0.1470955085895684
2985 -0.9281891569732494 1.108404919441162 -0.2763053882434208
2986 -0.8257613208977546 0.9860569486692132 -0.3816452939997412
2987 -0.7668725924412363 0.9147734876376864 -0.1922613897142334
2988 -0.871580484702942 1.039762180408256 -0.1388720176027214
2989 -1.111203482769032 0.9268087725120618 -0.2775200002229694
2990 -0.9874525822974131 0.8249330696099216 -0.3820885494003707
2991 -0.9155813778475275 0.7664294806776005 -0.192609248414504
2992 -1.041216953088932 0.8708761428465399 -0.1395418719157452
2993 -1.457608886338587 0.533521881654243 -0.400539864771468
2994 -1.327058145008838 0.4857369935387032 -0.5441910159451079
2995 -1.392362219052391 0.2420218303043525 -0.5442745821356804
2996 -1.529201211176098 0.2663378383176963 -0.4005818036526355
2997 -1.357863915906627 0.4961802845753819 -0.2760828956563703
2998 -1.207682815807192 0.4413011124185651 -0.3809068566310105
2999 -1.121907168532938 0.4090130691291826 -0.1938666246673758
3000 -1.274918633487689 0.4649125516955707 -0.1397479882829339
3001 -1.42410452352042 0.2489263201779362 -0.2761132647315741
3002 -1.266673855933705 0.2210613125019574 -0.3809673753175774
3003 -1.176571333832226 0.2061916412559693 -0.1952794036947753
3004 -1.336800585216062 0.2345601961677168 -0.1404544302236654
3005 -0.926452242565758 1.604662356431725 -0.6367824209587778
3006 -0.9000449372107334 1.558923563387545 -0.8021603211267531
3007 -0.8000898723947358 1.385796309792532 -0.7009453399929769
3008 -0.8529044841181502 1.477273900587734 -0.5390344783126723
3009 -0.3195127597443645 1.815563851932082 -0.6300317395262082
3010 -0.3106055782217906 1.762707183204701 -0.7973132423889988
3011 -0.2738967250020277 1.563517209660804 -0.6909673096870503
3012 -0.2917200906419386 1.665371224035346 -0.5253913307684329
3013 -0.6317891078127549 1.732546965483212 -0.6302187625174778
3014 -0.6137823233303347 1.6827835879751 -0.797684663124651
3015 -0.5434782404554962 1.489900769194205 -0.6901241029645756
3016 -0.5795148167016968 1.587567962506565 -0.5249723544661681
3017 -1.602903079587327 0.9254365245401893 -0.6362449559935538
3018 -1.555405009698748 0.8980135011595959 -0.8010853911963047
3019 -1.3857963105468 0.8000898718423758 -0.700945340213839
3020 -1.477273900964868 0.8529044838419706 -0.5390344784231033
3021 -1.184438411524005 1.413149913080986 -0.6300747331364926
3022 -1.150178042849888 1.372655486975063 -0.7975432254469923
3023 -1.017586124699075 1.214589790956463 -0.6892305962214451
3024 -1.08470417034623 1.294894719034465 -0.5243789221871064
3025 -1.413730897252376 1.18381454475602 -0.6305678259571703
3026 -1.371715672488776 1.149895643815224 -0.7975378168330655
3027 -1.216164250543297 1.0167466035398 -0.6898971293025935
3028 -1.297782860579048 1.083318346066159 -0.5257049189893164
3029 -1.731174117201511 0.6310846772682428 -0.6297996973258236
3030 -1.680037890222248 0.6123734650607195 -0.7968465325895671
3031 -1.489170189125369 0.5439260994645488 -0.6898009546737119
3032 -1.587202673134269 0.5797387448155492 -0.5248107804655416
3033 -1.814955567972107 0.3189567554977531 -0.6298420938372092
3034 -1.76148707664776 0.30949793598121 -0.7969312216843245
3035 -1.562953808079854 0.2729972822304082 -0.6905397375888271
3036 -1.665093059104126 0.2912660120631564 -0.5251802758164937
3037 -1.212132034564062 2.09947426934679 -0.4242640682957328
3038 -1.282842712891211 2.221948756847072 -0.565685424116053
3039 -0.414919427161675 2.35096867555405 -0.4604096969556713
3040 -0.437522844864298 2.48762465791319 -0.6039319933569095
3041 -0.8678236068238215 2.370459219895621 -0.6052642456586258
3042 -0.8203192345211867 2.240953071753254 -0.4612583389728478
3043 -1.147095516680484 1.986827713430562 -0.5390344786469379
3044 -1.199910129203026 2.078305303107159 -0.7009453406605218
3045 -1.099955071480617 1.905178047132138 -0.8021603210364175
3046 -1.073547761779794 1.85943925639678 -0.6367824209138571
3047 -0.3938464594565763 2.231934185710906 -0.5612074071676588
3048 -0.4103834440722074 2.331121331352516 -0.7225946614490762
3049 -0.3787885404311546 2.154411775120803 -0.8081455552472073
3050 -0.370545732332746 2.102796544573883 -0.6454491930053884
3051 -0.7778088396751203 2.128683403585726 -0.5613267817052134
3052 -0.8123942038478905 2.223273429299732 -0.7225897592525671
3053 -0.7485509390908103 2.053316890986449 -0.8086550286823869
3054 -0.7310914475564423 2.005028194321057 -0.6457649226305155
3055 -2.09947426934679 1.212132034564062 -0.4242640682957328
3056 -2.221948756847072 1.282842712891212 -0.565685424116053
3057 -1.533905889513143 1.830165595112025 -0.459838843767947
3058 -1.624941390660233 1.935812592244623 -0.6025116315049073
3059 -1.951808882429535 1.620718897652806 -0.5935529458402947
3060 -1.844439356860259 1.531244451954787 -0.4508906584979173
3061 -1.986827715915634 1.147095514168658 -0.5390344781219432
3062 -2.078305308077304 1.199910124179374 -0.7009453396105317
3063 -1.90869660525751 1.101986499292719 -0.8010853911779432
3064 -1.861198535459465 1.074563475685845 -0.6362449559846196
3065 -1.457242441609148 1.738149876189747 -0.560315925843028
3066 -1.524046067905606 1.815924213152644 -0.720625772898434
3067 -1.404876956696173 1.674155730499972 -0.808645585011412
3068 -1.371442027663459 1.635194019641768 -0.6457457313550623
3069 -1.747818392415378 1.455931238124214 -0.5549300547339813
3070 -1.826891255832645 1.522155415445134 -0.7158094041246055
3071 -1.681038774882206 1.404926692479385 -0.8065859253377157
3072 -1.640728717536531 1.371284452156048 -0.6432278922158814
3073 -2.242429043448571 0.8198630949556949 -0.4600355805905104
3074 -2.371324133187747 0.867502657829784 -0.6045757186517243
3075 -2.491449236160118 0.4339140055629776 -0.6011347783651618
3076 -2.35316749452848 0.4101588320481295 -0.4592407765872043
3077 -2.129619339000003 0.7778317528863521 -0.5604895893408985
3078 -2.223754129342854 0.8128343284582782 -0.7220868990261623
3079 -2.055316178870795 0.7499593629141559 -0.8079279406329263
3080 -2.00637558174855 0.7316970636818065 -0.6451084440765916
3081 -2.233592568633273 0.390844469783553 -0.5607110407252124
3082 -2.334055759551473 0.408320983534408 -0.7212953771694935
3083 -2.155927602431058 0.3785638951248118 -0.8078232503020244
3084 -2.10365012301728 0.3694480430368848 -0.6453647598549237
3085 -1.318391211414172 2.283520561571272 -0.1470955092123139
3086 -1.40108016243314 2.426742025110011 -0.1999101142660859
3087 -1.351151735160434 2.340263460442215 -0.3974909846872102
3088 -1.269856771738291 2.199456450190863 -0.2930263965020758
3089 -0.4566629011052102 2.587278011525377 -0.1617897387016409
3090 -0.4855360514598144 2.75198044014718 -0.2179502562284268
3091 -0.4648787260682333 2.641110679318958 -0.4265564636477924
3092 -0.437465807251492 2.479777432198562 -0.3189074111367409
3093 -0.9003149092651542 2.468264191461178 -0.1613526156372362
3094 -0.9580139884080745 2.625408570326298 -0.2169539975887121
3095 -0.9199725108896308 2.517908028309556 -0.4280895656746316
3096 -0.863843968124553 2.364595806420118 -0.3197958145603121
3097 -2.283520562778021 1.318391209867665 -0.147095508171798
3098 -2.426742027523531 1.401080159339946 -0.1999101121851252
3099 -2.340917017685683 1.351529071443113 -0.3961872698057015
3100 -2.199783228812596 1.270045439879631 -0.2923745390613215
3101 -1.68883990517398 2.013071188702993 -0.1602240884715454
3102 -1.797262290781301 2.141016586525733 -0.2147259191154933
3103 -1.724366524770187 2.054435460962008 -0.4257612054916463
3104 -1.618005284220459 1.929628878640948 -0.3186027568175884
3105 -2.017436895639204 1.687145325764893 -0.1572525577953109
3106 -2.145561355714907 1.794237566508503 -0.2117588353747969
3107 -2.06464018469487 1.720564830363432 -0.4183140617769795
3108 -1.938916386287567 1.615738805887985 -0.3119017819866281
3109 -2.468859142582394 0.8999284283623856 -0.1608350887403355
3110 -2.625902987906169 0.9574382095996358 -0.2165048491093069
3111 -2.519093189137386 0.9199010313170464 -0.4265980640359636
3112 -2.365883955877562 0.8636110772563733 -0.3184642818495297
3113 -2.587748080553296 0.4546989247867778 -0.1611003583138163
3114 -2.752729185152449 0.4835788101422326 -0.2164180690493165
3115 -2.643322065319685 0.4623124852594758 -0.4237357993263369
3116 -2.481074323228001 0.4342119385848315 -0.3176503783323936
3117 -0.9999999999999998 1.732050807568877 -1.081640629586862e-13
3118 -1.732050807568877 1 -1.081640629586862e-13
3119 -0.3333333333333331 1.910683602522959 -1.081640629586862e-13
3120 -0.6666666666666664 1.821367205045918 -1.081640629586862e-13
3121 -1.047140452079235 1.81370046566188 0.09428090415786922
3122 -1.094280904158471 1.895350123754882 0.1885618083158466
3123 -1.047140452078971 1.813700465661421 -0.09428090415854296
3124 -1.094280904157941 1.895350123753964 -0.1885618083169777
3125 -0.3529942250463713 2.011893299579215 0.1056291334123793
3126 -0.3726551167594094 2.113102996635472 0.2112582668248668
3127 -0.737465990263401 2.014733687129822 0.2115087615935492
3128 -0.7020663284650337 1.91805044608787 0.1057543807967205
3129 -0.3529942253752394 2.01189329941361 -0.1056291335182164
3130 -0.7020493985172949 1.918060444567574 -0.1057508107624287
3131 -0.7374321303679232 2.01475368408923 -0.2115016215247492
3132 -0.3726551174171455 2.11310299630426 -0.2112582670363247
3133 -1.094280904158206 1.895350123754423 -4.010935495516202e-13
3134 -1.141421356237382 1.976999781847432 0.09428090415771696
3135 -1.188561808316176 2.058649439939996 -3.655109016123839e-13
3136 -1.141421356237118 1.976999781846974 -0.09428090415864783
3137 -0.3720137848262793 2.114076958142066 -7.056725107558628e-11
3138 -0.3910333387240382 2.216260585517905 0.1056291652177788
3139 -0.4094115495821214 2.319418111695078 -7.053031765629886e-11
3140 -0.3910333390529145 2.216260585352285 -0.1056291653941244
3141 -0.7372827460972179 2.015794967924013 2.384271319896703e-06
3142 -0.7725160408844199 2.113529346995648 0.105755732944787
3143 -0.8075659828674957 2.21232470997152 2.38815404693011e-06
3144 -0.7724991094104305 2.11353934131518 -0.1057497703250697
3145 -1.244016935856292 1.488033871712585 -1.081640629586862e-13
3146 -1.488033871712585 1.244016935856293 -1.081640629586862e-13
3147 -1.813700465661879 1.047140452079236 0.09428090415786922
3148 -1.895350123754881 1.094280904158472 0.1885618083158466
3149 -1.813700465661421 1.047140452078971 -0.09428090415854296
3150 -1.895350123753964 1.094280904157942 -0.1885618083169777
3151 -1.310301418217837 1.566862114422487 0.1057220193611089
3152 -1.376585900579382 1.645690357132388 0.2114440387223259
3153 -1.654057843878158 1.375852315397551 0.2054855819161148
3154 -1.571045857795371 1.309934625626922 0.1027427909580033
3155 -1.310301420026213 1.566862113801532 -0.1057220186770677
3156 -1.571045858238718 1.309934625989784 -0.102742790385252
3157 -1.654057844764851 1.375852316123275 -0.2054855807703958
3158 -1.376585904196133 1.645690355890479 -0.2114440373540272
3159 -1.895350123754423 1.094280904158207 -4.010102828247733e-13
3160 -1.976999781847424 1.141421356237442 0.09428090415774083
3161 -2.058649439939968 1.188561808316413 -3.649419123122635e-13
3162 -1.976999781846966 1.141421356237178 -0.09428090415867123
3163 -1.377415688001347 1.646182245203178 4.563764320601849e-10
3164 -1.444529896173566 1.725502308678125 0.1057221203993126
3165 -1.512473772167195 1.805314124365226 4.566606445285635e-10
3166 -1.444529897984581 1.725502308054551 -0.1057221192581753
3167 -1.651762438686782 1.376928181007572 3.818024237028389e-10
3168 -1.732478049499496 1.443920912176353 0.1027442421559198
3169 -1.810896315861265 1.511987861258575 3.72150274252824e-10
3170 -1.732478049948408 1.443920912539933 -0.1027442412061858
3171 -1.821367205045918 0.666666666666667 -1.081640629586862e-13
3172 -1.910683602522959 0.3333333333333336 -1.081640629586862e-13
3173 -1.918756121607053 0.7018522788625203 0.1051651504880387
3174 -2.016145038168188 0.7370378910583731 0.2103303009761856
3175 -2.113485029545526 0.3687135861776674 0.2115645168072249
3176 -2.012084316034243 0.3510234597555005 0.1057822584035584
3177 -1.918756121267077 0.7018522884716466 -0.1051651475098375
3178 -2.012084319314254 0.3510234417333162 -0.105782258269821
3179 -2.113485036105548 0.3687135501332988 -0.2115645165395338
3180 -2.016145037488236 0.7370379102766264 -0.2103302950195669
3181 -2.01672905519235 0.737008583522191 1.984161199563313e-09
3182 -2.1147019243618 0.7721648561778489 0.1051652276200035
3183 -2.213258681050263 0.8072917764975401 1.983171380225711e-09
3184 -2.114701924025071 0.7721648657819696 -0.1051652226600413
3185 -2.1143318869446 0.3693861297704423 2.000223760107978e-10
3186 -2.216579310101064 0.3877487891889779 0.1057824227663116
3187 -2.319673300067817 0.4067839470402923 8.226083475164288e-11
3188 -2.216579312560564 0.3877487772053858 -0.1057824223250824
3189 -0.9057190958415645 1.568751491382936 -0.1885618083159908
3190 -0.9528595479207821 1.650401149475907 -0.0942809041580495
3191 -0.3048890328026216 1.747580937762536 -0.1712538836214225
3192 -0.3191111830679774 1.829132270142748 -0.08562694181076534
3193 -0.6382133673833387 1.743631345893251 -0.08562957106497403
3194 -0.609760068100011 1.665895486740584 -0.1712591421298399
3195 -0.9528595479206996 1.650401149475764 -0.2828427124744262
3196 -0.9999999999998352 1.732050807568593 -0.1885618083164844
3197 -1.047140452078888 1.813700465661278 -0.2828427124749192
3198 -0.999999999999835 1.732050807568592 -0.3771236166328611
3199 -0.3240270518367312 1.848781285057005 -0.2750866392766409
3200 -0.3385106412707354 1.930337304388093 -0.1903578988065087
3201 -0.3579100698869952 2.031542221707443 -0.2950889752675411
3202 -0.3431650116978445 1.949981398499484 -0.3789196338624369
3203 -0.6443841095322984 1.762843706091823 -0.2751308039603838
3204 -0.6732167761521423 1.840452131075845 -0.1904408672697404
3205 -0.7082201433262999 1.937272802572237 -0.2952522845310027
3206 -0.6790080677752947 1.859791698070655 -0.3790027079039192
3207 -1.568751491382935 0.9057190958415651 -0.1885618083159908
3208 -1.650401149475906 0.9528595479207826 -0.0942809041580495
3209 -1.137969315217884 1.36051447899574 -0.1709656546282522
3210 -1.190993125537088 1.424274175354162 -0.08548282731418017
3211 -1.42637410847545 1.190026248002761 -0.08647683038894163
3212 -1.364714345238316 1.136035560149229 -0.1729536607777751
3213 -1.650401149475764 0.9528595479207005 -0.2828427124744259
3214 -1.732050807568592 0.9999999999998358 -0.1885618083164846
3215 -1.813700465661278 1.047140452078889 -0.2828427124749196
3216 -1.732050807568592 0.9999999999998364 -0.377123616632861
3217 -1.204648669240848 1.439087197928932 -0.2749255857904985
3218 -1.257475068571627 1.502974684480349 -0.1903238395413738
3219 -1.323956962642844 1.581675136139634 -0.2951649272561612
3220 -1.271327925337168 1.517659801928319 -0.3788856679279324
3221 -1.443283863767775 1.203238955729969 -0.2752572199377905
3222 -1.507165288755643 1.256587108112727 -0.1890005352343758
3223 -1.587955723298357 1.323147348491853 -0.2915252097117456
3224 -1.521851890822276 1.270441111849028 -0.3775627183616769
3225 -1.665895486794197 0.6097600687354108 -0.1712591423985881
3226 -1.743631345920057 0.638213367701039 -0.08562957119934814
3227 -1.829135802781907 0.3191068376659025 -0.08562967505660227
3228 -1.747588003040856 0.3048803419984714 -0.1712593501130964
3229 -1.76307553594804 0.6443183772000876 -0.2749355144673284
3230 -1.840915855103993 0.6730853425188318 -0.1900503591988689
3231 -1.938200250142184 0.7079572769741085 -0.2944712682467782
3232 -1.8602553568104 0.6788766049397309 -0.3786121286328456
3233 -1.848849776042499 0.3233643312588856 -0.2751414269542889
3234 -1.930467107500008 0.3371938969266272 -0.1904619033361867
3235 -2.03179829299793 0.355280935371861 -0.2952942526395593
3236 -1.950111310603782 0.341848278888318 -0.3790237458430571
3237 -0.9057190958420219 1.568751491383728 0.1885618083168336
3238 -0.9528595479210108 1.650401149476303 0.0942809041583627
3239 -0.3048890329228544 1.747580938056898 0.1712538839319963
3240 -0.60976006806567 1.665895486737009 0.1712591421146068
3241 -0.6382133673661682 1.743631345891464 0.0856295710572493
3242 -0.3191111831280938 1.829132270289928 0.08562694196594403
3243 -0.9528595479210926 1.650401149476445 0.2828427124748114
3244 -1.000000000000164 1.732050807569162 0.377123616632789
3245 -1.047140452079318 1.813700465662023 0.2828427124743172
3246 -1.000000000000164 1.732050807569163 0.18856180831634
3247 -0.3240270518073873 1.84878128530847 0.2750866394485202
3248 -0.3431650115185909 1.949981398708041 0.3789196338955234
3249 -0.3579100694687333 2.031542221977073 0.2950889751785077
3250 -0.3385106410917458 1.930337304596501 0.190357898839606
3251 -0.6443897542644178 1.762840376726072 0.2751319977011785
3252 -0.6790193572738752 1.859785039342675 0.3790050954006781
3253 -0.7082427193471081 1.937259477928102 0.2952570517684122
3254 -0.6732280641539607 1.840445468752898 0.1904432508845988
3255 -1.568751491383728 0.9057190958420225 0.1885618083168336
3256 -1.650401149476302 0.9528595479210114 0.0942809041583627
3257 -1.137969315431205 1.360514479095333 0.1709656548414508
3258 -1.364714343319784 1.136035561154094 0.1729536599436682
3259 -1.426374107516185 1.190026248505193 0.08647682997177999
3260 -1.190993125643748 1.424274175403959 0.0854828274206713
3261 -1.650401149476445 0.9528595479210941 0.2828427124748112
3262 -1.732050807569162 1.000000000000165 0.3771236166327891
3263 -1.813700465662022 1.047140452079318 0.2828427124743179
3264 -1.732050807569162 1.000000000000165 0.1885618083163402
3265 -1.204648668782444 1.439087198200854 0.274925586161005
3266 -1.271327924200781 1.517659802377736 0.378885668455652
3267 -1.323956960266435 1.581675136985489 0.2951649282044209
3268 -1.257475067438318 1.502974684926884 0.1903238400687728
3269 -1.443283862340261 1.203238956277834 0.2752572195739432
3270 -1.521851889886761 1.270441111940723 0.3775627184667027
3271 -1.587955722407149 1.323147348153643 0.2915252103353888
3272 -1.50716528783016 1.256587108194631 0.1890005353379633
3273 -1.665895486642246 0.6097600682620259 0.1712591420931101
3274 -1.747588003077182 0.304880341877073 0.1712593501279454
3275 -1.82913580280007 0.3191068376052033 0.08562967506391864
3276 -1.743631345844082 0.6382133674643464 0.08562957104650097
3277 -1.763075535963901 0.6443183736678195 0.2749355152555505
3278 -1.86025535698385 0.6788765983756905 0.3786121305142824
3279 -1.938200250567748 0.7079572640825779 0.2944712721647806
3280 -1.840915855281342 0.6730853359479428 0.1900503610815678
3281 -1.848849774970017 0.3233643371847391 0.2751414270053194
3282 -1.950111308422356 0.3418482908614178 0.3790237459301941
3283 -2.031798288623816 0.3552809593800368 0.2952942528138635
3284 -1.930467105322067 0.3371939089003669 0.1904619034270159
3285 -0.811438191683584 1.405452175197798 2.926293073854089e-13
3286 -0.8585786437624703 1.487101833290545 0.094280904158208
3287 -0.9057190958414785 1.568751491383133 2.335006794655808e-13
3288 -0.8585786437622789 1.487101833290181 -0.09428090415754062
3289 -0.276918434658894 1.580544654751686 1.036512096007391e-10
3290 -0.2909037485576797 1.664062881110522 0.08562685603395492
3291 -0.3050074731962393 1.746597617979747 1.035363261893132e-10
3292 -0.2909037484975794 1.664062880963334 -0.08562685577500255
3293 -0.5504614353890551 1.507252029569095 -5.032169067059037e-12
3294 -0.5801107831100867 1.586573839153496 0.08562948423641993
3295 -0.6091620909379711 1.665102633023634 -5.091697066872446e-12
3296 -0.5801107831270503 1.586573839155361 -0.08562948424906532
3297 -1.405452175197797 0.8114381916835843 2.929346187171808e-13
3298 -1.487101833290576 0.8585786437625129 0.09428090415825614
3299 -1.568751491383154 0.9057190958415072 2.486644756102527e-13
3300 -1.487101833290193 0.8585786437622936 -0.09428090415755831
3301 -1.030182100986504 1.23000550138197 7.109348456092178e-11
3302 -1.084075742953541 1.295260031775316 0.08548277330313009
3303 -1.137534451617674 1.359767124333086 7.103047477834503e-11
3304 -1.084075742846915 1.295260031725548 -0.0854827731254683
3305 -1.232807707154843 1.028894672487045 -2.771663962254876e-10
3306 -1.298761577283612 1.082465541329475 0.086476135002622
3307 -1.362568118904495 1.13624610691899 -2.777500427824977e-10
3308 -1.298761578246508 1.08246554082388 -0.08647613569665122
3309 -1.507252121717541 0.5504614632673018 -3.636003827550459e-10
3310 -1.586573906257898 0.5801108023202962 0.08562950561813162
3311 -1.665102677072535 0.6091621032494439 -1.017981454585339e-10
3312 -1.586573906222984 0.5801108024789084 -0.08562950600347402
3313 -1.580549465166175 0.2769126554195959 5.012727174895013e-12
3314 -1.664068848227471 0.2908965180760726 0.08562961718956724
3315 -1.746602382557118 0.3050016875872088 4.983294699919274e-12
3316 -1.664068848208372 0.2908965181414759 -0.08562961717704025
3317 -2.099474268492191 -1.212132034070658 0.4242640692825397
3318 -2.221948755136497 -1.28284271190361 0.5656854260912553
3319 -2.353167487439451 -0.4101588643692991 0.4592407776470463
3320 -2.491449228899286 -0.4339140108107369 0.6011347838782045
3321 -2.371324141556195 -0.8675026503012488 0.6045757131469121
3322 -2.242429062741068 -0.8198630815345205 0.4600355669614414
3323 -2.199783228409444 -1.27004543964742 0.2923745398676664
3324 -2.340917016878461 -1.351529070978164 0.3961872714194503
3325 -2.426742030309952 -1.401080154421013 0.1999101123630894
3326 -2.283520564171461 -1.31839120740833 0.1470955082605153
3327 -2.48107431913318 -0.4342119603199533 0.317650379695588
3328 -2.643322061796535 -0.4623124888968203 0.4237358043278054
3329 -2.752729184616328 -0.4835788032254937 0.2164180725030242
3330 -2.587748078562119 -0.4546989220849096 0.1611003616068213
3331 -2.365883968710413 -0.8636110687038174 0.318464273042815
3332 -2.519093194695593 -0.9199010269992574 0.4265980609289977
3333 -2.625902992161465 -0.9574382046757266 0.2165048470685421
3334 -2.468859149711824 -0.8999284227691462 0.1608350840925326
3335 -1.212132034070659 -2.09947426849219 0.4242640692825397
3336 -1.282842711903611 -2.221948755136497 0.5656854260912553
3337 -1.844439358335886 -1.53124445147072 0.4508906576054692
3338 -1.951808882899362 -1.620718895804698 0.5935529465268233
3339 -1.624941391752865 -1.935812591340634 0.6025116314855768
3340 -1.533905889750467 -1.83016559508137 0.4598388436334115
3341 -1.269856771664951 -2.199456447541276 0.2930264005194925
3342 -1.351151735013223 -2.340263455142125 0.3974909927231022
3343 -1.401080165786866 -2.426742021845978 0.1999101186688208
3344 -1.318391213091215 -2.283520559939478 0.1470955114133986
3345 -1.938916386647145 -1.615738805545575 0.3119017825768796
3346 -2.064640184297398 -1.720564828447965 0.4183140646031374
3347 -2.145561358322866 -1.794237563218033 0.2117588364978723
3348 -2.017436896822526 -1.687145324910263 0.1572525579422067
3349 -1.618005283567396 -1.929628877586841 0.3186027588290272
3350 -1.724366524515404 -2.054435457755837 0.4257612096811856
3351 -1.797262293110162 -2.141016583727568 0.2147259214918907
3352 -1.688839905593529 -2.013071187982827 0.1602240896180289
3353 -0.8203530904507458 -2.240933079617245 0.4612654757322161
3354 -0.8678405342334762 -2.370449222060403 0.6052678156737875
3355 -0.437522844490567 -2.487624656156539 0.6039319950004459
3356 -0.4149194270169107 -2.350968674003442 0.4604096984320681
3357 -0.8638665418018071 -2.364582485067054 0.319800583221575
3358 -0.9199837976536414 -2.517901364561693 0.4280919545846056
3359 -0.9580196339968344 -2.625405240830498 0.2169551940766917
3360 -0.900326198136271 -2.468257534734023 0.1613550038959792
3361 -0.4374658070900321 -2.479777430589102 0.3189074133505327
3362 -0.4648787259265461 -2.641110676954394 0.4265564672025137
3363 -0.4855360516768873 -2.751980439581744 0.2179502576848913
3364 -0.4566629009904211 -2.587278011060458 0.1617897396481326
3365 -1.861198535069902 -1.074563475461147 0.6362449561048638
3366 -1.908696604477924 -1.101986498843057 0.8010853914189607
3367 -2.078305307811104 -1.199910122990287 0.7009453400937059
3368 -1.986827715782993 -1.147095513574379 0.5390344783630003
3369 -2.10365012037839 -0.3694480544728083 0.6453647594378997
3370 -2.155927599527345 -0.3785638978767193 0.8078232506105683
3371 -2.334055754193205 -0.4083209871232238 0.721295379307245
3372 -2.233592563628582 -0.3908444914561395 0.5607110406575845
3373 -2.00637558820666 -0.7316970593747191 0.6451084393003029
3374 -2.055316181768851 -0.7499593606005421 0.8079279383352632
3375 -2.223754135351182 -0.8128343232796346 0.7220868947030498
3376 -2.129619352061954 -0.7778317438931343 0.560489579926471
3377 -1.073547759196073 -1.859439257825758 0.6367824209277873
3378 -1.099955066312909 -1.905178049989638 0.8021603210648073
3379 -1.199910129095987 -2.078305301313351 0.7009453416017363
3380 -1.14709551662723 -1.986827712534117 0.5390344791170154
3381 -1.640728716644705 -1.371284453759487 0.643227891719108
3382 -1.681038773165247 -1.404926694324819 0.8065859251660946
3383 -1.826891256385464 -1.522155414429729 0.715809404000548
3384 -1.747818393300274 -1.455931238172614 0.5549300538485046
3385 -1.371442025268804 -1.635194022049405 0.6457457312386219
3386 -1.404876953180112 -1.674155734139081 0.8086455848619819
3387 -1.524046068748805 -1.815924212789806 0.720625772730222
3388 -1.457242441557907 -1.738149876512998 0.560315925675583
3389 -0.7311027339517154 -2.005021538392019 0.6457673086417522
3390 -0.7485565795500083 -2.053313564170008 0.8086562216536591
3391 -0.812405490502079 -2.223266767041443 0.722592142397173
3392 -0.7778314131889483 -2.128670081986774 0.561331546506792
3393 -0.3705457311894899 -2.10279654491828 0.6454491931895989
3394 -0.3787885384410472 -2.1544117762005 0.8081455551791283
3395 -0.4103834438987004 -2.331121330135318 0.722594662236114
3396 -0.3938464593171693 -2.231934184668244 0.5612074079977738
3397 -1.364627345696912 -0.7878679653816363 0.42426406818713
3398 -1.24215285810267 -0.7171572870002395 0.5656854238989555
3399 -1.529201210451005 -0.2663378372611628 0.4005818026910762
3400 -1.392362217022981 -0.2420218288146225 0.5442745797490829
3401 -1.327058142893428 -0.4857369923611791 0.5441910134298964
3402 -1.457608885232402 -0.5335218805488777 0.4005398632907675
3403 -1.477273900064956 -0.8529044840323086 0.539034478022574
3404 -1.385796308746184 -0.8000898722225954 0.7009453394118657
3405 -1.555405008828033 -0.8980135006570447 0.8010853909270375
3406 -1.602903079152168 -0.925436524289028 0.6362449558591488
3407 -1.665093058387014 -0.2912660116271393 0.525180275425795
3408 -1.562953806287633 -0.2729972816120325 0.6905397364985648
3409 -1.761487075622841 -0.3094979357180008 0.7969312214306729
3410 -1.814955567527816 -0.318956755424142 0.629842093787563
3411 -1.58720267215968 -0.5797387445068106 0.5248107797676282
3412 -1.489170187265028 -0.5439260994697573 0.6898009535749688
3413 -1.680037889302348 -0.6123734647559284 0.7968465322861414
3414 -1.731174116699872 -0.6310846770134529 0.6297996970998716
3415 -0.7878679653816368 -1.364627345696912 0.42426406818713
3416 -0.71715728700024 -1.24215285810267 0.5656854238989555
3417 -1.194546843907621 -0.9937731611621863 0.4022343840803714
3418 -1.0860390994124 -0.9055014536898039 0.5450382744080267
3419 -0.9068088088445811 -1.083597126561112 0.5439979420351638
3420 -0.9958771575079295 -1.190175954345713 0.400223212202624
3421 -0.8529044836611965 -1.477273900278096 0.5390344780220047
3422 -0.8000898714803703 -1.385796309172463 0.7009453394107272
3423 -0.9000449382609905 -1.558923562419181 0.8021603210449787
3424 -0.926452243091001 -1.604662355947742 0.6367824209181194
3425 -1.297782862165724 -1.083318344855307 0.5257049197082604
3426 -1.216164249892333 -1.016746603021816 0.6898971290219437
3427 -1.371715671944868 -1.149895643619216 0.7975378168920668
3428 -1.413730897601681 -1.183814544583054 0.6305678264150939
3429 -1.084704169861027 -1.294894719064974 0.5243789220860157
3430 -1.017586123416351 -1.214589790906424 0.6892305957335851
3431 -1.150178042242814 -1.372655486875967 0.7975432253551168
3432 -1.184438410895703 -1.413149913397038 0.6300747331620719
3433 -0.5335218841288902 -1.457608884302821 0.4005398636663807
3434 -0.4857369990160245 -1.327058141168758 0.5441910141337785
3435 -0.2433378333151399 -1.39200540209331 0.5441421476109102
3436 -0.2670023580719209 -1.529017503881636 0.4005114866882185
3437 -0.5795148165610586 -1.58756796189401 0.5249723540891023
3438 -0.5434782399601207 -1.489900768044336 0.6901241022076638
3439 -0.6137823239532533 -1.682783587109946 0.7976846629624889
3440 -0.6317891081257435 -1.732546965050787 0.6302187624370632
3441 -0.2917200904722381 -1.665371223280653 0.5253913303618815
3442 -0.27389672463 -1.563517207931174 0.6909673086513758
3443 -0.3106055782810236 -1.762707182349438 0.7973132421885544
3444 -0.3195127596613551 -1.815563851580869 0.6300317394817521
3445 -1.180581052947937 -0.6816087890816421 0.1470955081108002
3446 -1.037359588790653 -0.5989198385586881 0.1999101120631598
3447 -1.123184596059616 -0.648470929029536 0.3961872681264905
3448 -1.264318385628725 -0.7299545603564535 0.2923745382214183
3449 -1.336800585029904 -0.2345601969665186 0.1404544297536426
3450 -1.176571333510879 -0.2061916416722763 0.1952794026005833
3451 -1.266673854881152 -0.2210613118400752 0.3809673731655303
3452 -1.424104523126629 -0.2489263199853291 0.2761132638099
3453 -1.274918632988657 -0.464912552398727 0.1397479876796054
3454 -1.121907167928362 -0.4090130698892701 0.1938666236089565
3455 -1.207682814676738 -0.4413011119527249 0.380906854511513
3456 -1.357863915219003 -0.496180284245667 0.2760828944484379
3457 -0.681608788676883 -1.180581053318397 0.1470955085642702
3458 -0.5989198377491697 -1.037359589531573 0.1999101129700994
3459 -0.6488482649003432 -1.123838161298303 0.3974909945923606
3460 -0.7301432282918643 -1.264645168248111 0.2930264014543936
3461 -1.041216953810486 -0.8708761427821138 0.13954187225484
3462 -0.9155813775142518 -0.7664294813356252 0.1926092482343763
3463 -0.9874525828883383 -0.8249330682882499 0.3820885482414009
3464 -1.111203485106445 -0.9268087707432542 0.2775200005033065
3465 -0.8715804839483958 -1.039762181164555 0.138872017695926
3466 -0.7668725913599179 -0.9147734886050339 0.1922613897575648
3467 -0.8257613203948582 -0.9860569480604852 0.3816452925080795
3468 -0.9281891569329251 -1.108404919146274 0.2763053876404003
3469 -0.4649158447980605 -1.274891585785752 0.1396532012786923
3470 -0.4090196761623701 -1.1218531425544 0.1936771230182129
3471 -0.4415728550060296 -1.208079102889291 0.3817431454851845
3472 -0.4963161467077826 -1.358062026308885 0.2765010058133184
3473 -0.2348070324264951 -1.33672080308321 0.1403205077113286
3474 -0.2066809787303482 -1.176415377447482 0.1950143622509511
3475 -0.222103120347877 -1.266678745006818 0.38130016150095
3476 -0.2494515634868973 -1.424103394630349 0.2762768859968695
3477 -1.364627346652221 -0.7878679659331842 -0.4242640692902257
3478 -1.242152860014477 -0.7171572881040215 -0.5656854261065193
3479 -1.529201243082279 -0.2663375362617226 -0.4005817831811453
3480 -1.392362235282701 -0.2420216790918403 -0.54427457215482
3481 -1.327058144932839 -0.4857369930226782 -0.5441910156891042
3482 -1.457608886299447 -0.5335218808874878 -0.4005398644675281
3483 -1.264318386078942 -0.7299545606164063 -0.2923745391222994
3484 -1.123184596960806 -0.6484709295498963 -0.3961872699291361
3485 -1.037359589166726 -0.598919838392991 -0.1999101129932866
3486 -1.180581053135775 -0.6816087889986794 -0.147095508575635
3487 -1.42410454473796 -0.248926119288559 -0.2761132510535023
3488 -1.266673866664658 -0.2210612119475287 -0.3809673686612268
3489 -1.176571339071732 -0.2061915915948204 -0.1952794003553991
3490 -1.336800595697253 -0.2345600965574214 -0.1404544233610722
3491 -1.357863915774159 -0.496180284393562 -0.2760828954454587
3492 -1.207682815725243 -0.441301112239005 -0.3809068564442364
3493 -1.121907168251003 -0.4090130697475998 -0.1938666245732731
3494 -1.274918633165822 -0.4649125523302166 -0.1397479881774458
3495 -0.7878679659331848 -1.364627346652221 -0.4242640692902257
3496 -0.7171572881040219 -1.242152860014477 -0.5656854261065193
3497 -1.194546843831207 -0.9937731625747757 -0.402234384986736
3498 -1.086039100655657 -0.905501455513601 -0.5450382766550791
3499 -0.9068088101699044 -1.083597127954513 -0.5439979440750976
3500 -0.9958771581820223 -1.190175954526711 -0.400223212834401
3501 -0.7301432285679642 -1.264645168835531 -0.2930264025692583
3502 -0.6488482654530144 -1.123838162473946 -0.3974909968230224
3503 -0.5989198377942572 -1.03735958952081 -0.1999101130211534
3504 -0.6816087886993125 -1.180581053312817 -0.1470955085895684
3505 -1.11120348489026 -0.9268087715799954 -0.2775200013190477
3506 -0.9874525833730596 -0.8249330693098159 -0.3820885501602986
3507 -0.9155813776543346 -0.7664294813808467 -0.1926092489135096
3508 -1.04121695364402 -0.8708761429750548 -0.1395418725221799
3509 -0.9281891572687802 -1.10840491920243 -0.2763053883780881
3510 -0.8257613210513838 -0.9860569488604773 -0.381645294500945
3511 -0.7668725915210212 -0.9147734884863024 -0.1922613900609762
3512 -0.8715804840327244 -1.039762180933249 -0.138872017718286
3513 -0.5335218845974464 -1.457608885449248 -0.4005398649662747
3514 -0.4857369998159866 -1.327058143334311 -0.5441910165668793
3515 -0.243337833725928 -1.392005404702259 -0.5441421504004462
3516 -0.2670023583687332 -1.52901750510473 -0.4005114880185289
3517 -0.4963161469468734 -1.358062026968436 -0.2765010070127554
3518 -0.4415728553910976 -1.208079104124119 -0.3817431477729454
3519 -0.4090196762036547 -1.121853142690045 -0.1936771235182148
3520 -0.4649158448412121 -1.274891585874857 -0.1396532015564
3521 -0.2494515636497377 -1.42410339527475 -0.2762768872334219
3522 -0.222103120551679 -1.266678746404288 -0.3813001640600834
3523 -0.20668097874085 -1.176415377712575 -0.1950143633117975
3524 -0.2348070324622155 -1.336720803188527 -0.1403205082202035
3525 -1.60290307958727 -0.925436524540259 -0.6362449559935499
3526 -1.555405009698633 -0.8980135011597355 -0.801085391196297
3527 -1.38579630945501 -0.8000898726317168 -0.70094533989116
3528 -1.477273900418973 -0.8529044842366407 -0.5390344782617638
3529 -1.81495557854999 -0.3189566551274539 -0.6298420868888008
3530 -1.761487081904792 -0.3094978858666679 -0.7969312182048218
3531 -1.562953818718418 -0.272997181907489 -0.6905397307257123
3532 -1.665093080320128 -0.29126581102493 -0.525180262013155
3533 -1.731174117141199 -0.6310846771810449 -0.6297996972454053
3534 -1.680037890155337 -0.6123734650809404 -0.7968465325458545
3535 -1.489170188412509 -0.5439260997913231 -0.6898009543045591
3536 -1.587202672764188 -0.5797387446748323 -0.5248107801638077
3537 -0.9264522431796913 -1.604662356029194 -0.6367824209479025
3538 -0.9000449384385997 -1.558923562582483 -0.8021603211050022
3539 -0.8000898718587192 -1.385796310575107 -0.7009453402329859
3540 -0.8529044838501424 -1.477273900979021 -0.5390344784326766
3541 -1.413730897662185 -1.183814545047994 -0.630567826439814
3542 -1.371715672532049 -1.149895644215962 -0.7975378170853281
3543 -1.216164250252237 -1.016746604069779 -0.6898971295616197
3544 -1.297782861879905 -1.08331834571275 -0.5257049198338523
3545 -1.184438411107074 -1.413149913336714 -0.6300747330607956
3546 -1.15017804266144 -1.372655487096366 -0.7975432254112698
3547 -1.017586123909065 -1.214589791820947 -0.6892305962857465
3548 -1.084704170118892 -1.294894719175175 -0.5243789221034206
3549 -0.6317891082046332 -1.732546965257308 -0.6302187625239669
3550 -0.613782324065306 -1.682783587480585 -0.7976846630807954
3551 -0.5434782402153675 -1.489900769733672 -0.6901241032368262
3552 -0.5795148167344012 -1.587567962781081 -0.5249723546591989
3553 -0.3195127597331402 -1.815563851916895 -0.6300317395546444
3554 -0.3106055783665937 -1.76270718307568 -0.797313242377668
3555 -0.273896724796142 -1.563517210084119 -0.6909673099349601
3556 -0.291720090616262 -1.66537122430278 -0.5253913309606587
3557 -2.09947426934679 -1.212132034564062 -0.4242640682957328
3558 -2.221948756847072 -1.282842712891211 -0.565685424116053
3559 -2.35316748547595 -0.410158850102518 -0.4592407817839081
3560 -2.491449226859785 -0.4339139881468894 -0.6011347892837295
3561 -2.371324139395909 -0.8675026533170995 -0.6045757143436252
3562 -2.242429056040313 -0.819863086423723 -0.4600355716786741
3563 -1.986827716512178 -1.147095513483029 -0.5390344780201286
3564 -2.078305309270394 -1.199910122808116 -0.7009453394069024
3565 -1.908696605257229 -1.101986499292577 -0.8010853911780274
3566 -1.861198535459325 -1.074563475685774 -0.6362449559846618
3567 -2.233592561931859 -0.3908444819081989 -0.5607110430242126
3568 -2.334055752056836 -0.408320971940312 -0.7212953821276048
3569 -2.15592759773629 -0.3785638912166241 -0.8078232515772155
3570 -2.103650119168786 -0.3694480501645681 -0.6453647603997972
3571 -2.129619347671344 -0.7778317468033 -0.5604895833051298
3572 -2.223754134062769 -0.8128343245911489 -0.7220868959673592
3573 -2.05531618075086 -0.7499593615501472 -0.8079279391806409
3574 -2.006375585824752 -0.7316970609768456 -0.6451084410966295
3575 -1.212132034564062 -2.09947426934679 -0.4242640682957328
3576 -1.282842712891212 -2.221948756847072 -0.565685424116053
3577 -1.844439361726508 -1.531244451582887 -0.4508906550173162
3578 -1.951808885880124 -1.620718897001994 -0.5935529436535126
3579 -1.624941393405223 -1.935812592834347 -0.6025116295109151
3580 -1.533905890070979 -1.83016559623438 -0.4598388426590641
3581 -1.147095516724162 -1.986827713088545 -0.5390344788076521
3582 -1.199910129290382 -2.078305302423127 -0.7009453409819498
3583 -1.099955065387179 -1.905178050095307 -0.8021603211619365
3584 -1.073547758733075 -1.859439257878364 -0.6367824209766164
3585 -1.747818395633451 -1.455931238013217 -0.5549300524596896
3586 -1.826891258520523 -1.522155414755829 -0.7158094027553455
3587 -1.68103877403804 -1.40492669466841 -0.8065859247511745
3588 -1.640728717721991 -1.371284453762845 -0.6432278911279211
3589 -1.45724244169112 -1.738149877184921 -0.560315925358096
3590 -1.524046069689335 -1.815924213591972 -0.7206257720777449
3591 -1.404876952863594 -1.674155734546278 -0.8086455848377755
3592 -1.371442024942051 -1.635194022388462 -0.6457457312309463
3593 -0.8203530891666688 -2.240933082378329 -0.4612654737148661
3594 -0.8678405345459416 -2.370449224936546 -0.6052678131337047
3595 -0.4375228446271007 -2.487624659036573 -0.6039319923541789
3596 -0.4149194260870286 -2.350968677064132 -0.4604096956872479
3597 -0.7778314121759122 -2.12867008379701 -0.5613315454779713
3598 -0.8124054903925797 -2.223266768899855 -0.7225921413367776
3599 -0.7485565788193858 -2.053313564771935 -0.8086562214510593
3600 -0.7311027331056189 -2.00502153913383 -0.645767308291026
3601 -0.3938464586157491 -2.231934186678441 -0.5612074064200221
3602 -0.4103834438266734 -2.331121331994708 -0.7225946609767319
3603 -0.3787885381346053 -2.154411776740946 -0.8081455548228619
3604 -0.3705457307039369 -2.102796545728559 -0.6454491925374479
3605 -2.28352056407261 -1.318391207353541 -0.1470955086921394
3606 -2.426742030112708 -1.4010801543117 -0.1999101132258079
3607 -2.340917017685378 -1.351529071442991 -0.3961872698062662
3608 -2.199783228812444 -1.270045439879569 -0.2923745390616039
3609 -2.587748079219843 -0.4546989287620481 -0.161100360838577
3610 -2.752729185516466 -0.4835787997772531 -0.2164180742841606
3611 -2.643322061623695 -0.4623124730782073 -0.423735808577926
3612 -2.481074318418214 -0.4342119504538399 -0.3176503827773409
3613 -2.468859147121061 -0.8999284242420268 -0.1608350862719715
3614 -2.625902990724277 -0.9574382053701267 -0.216504848680185
3615 -2.519093192989573 -0.9199010276766526 -0.4265980620328357
3616 -2.365883964110918 -0.8636110712973207 -0.3184642763414128
3617 -1.318391212422388 -2.28352056098995 -0.1470955092098041
3618 -1.401080164449499 -2.426742023947379 -0.199910114261094
3619 -1.351151735238944 -2.340263458372397 -0.397490987708161
3620 -1.269856771777546 -2.199456449155953 -0.2930263980125512
3621 -2.017436897538585 -1.687145325078393 -0.1572525569258165
3622 -2.145561358470029 -1.794237563874886 -0.2117588352451091
3623 -2.064640186171639 -1.720564829772776 -0.4183140612093607
3624 -1.938916388851891 -1.615738805884303 -0.3119017801133615
3625 -1.68883990524967 -2.013071188908403 -0.1602240878576559
3626 -1.797262292757985 -2.141016585308961 -0.2147259179622971
3627 -1.724366525548573 -2.054435460086136 -0.4257612057888582
3628 -1.618005283743499 -1.929628879025737 -0.3186027568916236
3629 -0.9003261970949576 -2.468257535929174 -0.1613550020338222
3630 -0.9580196328746936 -2.625405242339499 -0.2169551908513548
3631 -0.9199837973490884 -2.517901367748536 -0.4280919502297927
3632 -0.8638665406891896 -2.364582487542097 -0.3198005805455724
3633 -0.4566629004437658 -2.58727801196303 -0.1617897384485967
3634 -0.4855360512490579 -2.751980440306654 -0.217950256233871
3635 -0.4648787256507414 -2.641110679375042 -0.4265564638743335
3636 -0.4374658062866751 -2.479777432879714 -0.3189074107385628
3637 -1.732050807568878 -0.9999999999999997 -1.081640629586862e-13
3638 -1 -1.732050807568877 -1.081640629586862e-13
3639 -1.910683602522959 -0.333333333333333 -1.081640629586862e-13
3640 -1.821367205045918 -0.6666666666666663 -1.081640629586862e-13
3641 -1.81370046566188 -1.047140452079235 0.09428090415786922
3642 -1.895350123754882 -1.094280904158471 0.1885618083158466
3643 -1.813700465661421 -1.047140452078971 -0.09428090415854296
3644 -1.895350123753965 -1.094280904157941 -0.1885618083169777
3645 -2.012084317008512 -0.3510234615315092 0.1057822571385573
3646 -2.113485031494064 -0.3687135897296852 0.2115645142772227
3647 -2.0161450576326 -0.73703789740075 0.2103302805172778
3648 -1.918756131339259 -0.7018522820337082 0.1051651402585848
3649 -2.012084316379345 -0.3510234595749376 -0.1057822580947676
3650 -1.918756127592185 -0.7018522842878929 -0.1051651430046464
3651 -2.01614505013845 -0.7370379019091196 -0.2103302860091846
3652 -2.113485030235729 -0.3687135858165421 -0.2115645161894271
3653 -1.895350123754423 -1.094280904158206 -4.011213051272358e-13
3654 -1.976999781847425 -1.141421356237442 0.09428090415774064
3655 -2.058649439939968 -1.188561808316412 -3.651223235537651e-13
3656 -1.976999781846966 -1.141421356237177 -0.09428090415867139
3657 -2.114331885207083 -0.369386145946551 -6.378430514778165e-10
3658 -2.216579309564777 -0.3877488037001793 0.1057824209112253
3659 -2.319673298000739 -0.4067839479280159 2.211737991873724e-09
3660 -2.216579308588278 -0.3877487954902643 -0.1057824210809883
3661 -2.016729065886167 -0.7370085828745718 -1.831167263335911e-09
3662 -2.114701939426162 -0.7721648590640159 0.1051652154831449
3663 -2.213258691711494 -0.8072917759363502 -1.831501935440752e-09
3664 -2.114701935678959 -0.77216486131997 -0.1051652200611763
3665 -1.488033871712585 -1.244016935856292 -1.081640629586862e-13
3666 -1.244016935856293 -1.488033871712584 -1.081640629586862e-13
3667 -1.047140452079236 -1.813700465661879 0.09428090415786922
3668 -1.094280904158472 -1.895350123754881 0.1885618083158466
3669 -1.047140452078971 -1.813700465661421 -0.09428090415854296
3670 -1.094280904157942 -1.895350123753964 -0.1885618083169777
3671 -1.571045859065861 -1.309934626283109 0.1027427895612995
3672 -1.654057846419136 -1.375852316709926 0.2054855791227073
3673 -1.376585903784144 -1.645690356452266 0.2114440371874613
3674 -1.310301419820218 -1.566862114082425 0.1057220185936766
3675 -1.571045860332688 -1.309934625958789 -0.1027427887937787
3676 -1.310301419483107 -1.566862114353194 -0.1057220186024764
3677 -1.376585903109921 -1.645690356993804 -0.2114440372048447
3678 -1.65405784895279 -1.375852316061285 -0.2054855775874492
3679 -1.094280904158207 -1.895350123754423 -4.008992605223108e-13
3680 -1.141421356237408 -1.976999781847428 0.09428090415772646
3681 -1.188561808316286 -2.05864943993998 -3.704791496475815e-13
3682 -1.141421356237149 -1.976999781846969 -0.0942809041586594
3683 -1.651762440751558 -1.376928181639842 5.110386233899014e-10
3684 -1.732478051542344 -1.443920913472237 0.1027442408315495
3685 -1.810896317399428 -1.511987862536454 5.199997098924223e-10
3686 -1.732478052804192 -1.443920913147529 -0.1027442395494183
3687 -1.37741568849367 -1.646182245523179 -5.888094764318861e-12
3688 -1.444529897704647 -1.725502308763693 0.105722119400217
3689 -1.512473772015946 -1.805314125224787 -5.910363987817294e-12
3690 -1.444529897362519 -1.725502309038768 -0.1057221194148944
3691 -0.6666666666666672 -1.821367205045918 -1.081640629586862e-13
3692 -0.3333333333333338 -1.910683602522959 -1.081640629586862e-13
3693 -0.7020663266671165 -1.918050449088641 0.1057543785968094
3694 -0.7374659866675658 -2.014733693131364 0.211508757193727
3695 -0.3726551174732808 -2.113102995407883 0.2112582679090908
3696 -0.3529942254033073 -2.011893298965421 0.1056291339544913
3697 -0.7020663257069102 -1.918050449970649 -0.1057543780987479
3698 -0.3529942247378747 -2.01189330004587 -0.1056291330068443
3699 -0.3726551161424156 -2.11310299756878 -0.2112582660135805
3700 -0.7374659847471532 -2.01473369489538 -0.2115087561973877
3701 -0.7372940311216779 -2.015788310858964 3.323494288875031e-10
3702 -0.7725216822177912 -2.113526023303162 0.1057545368335757
3703 -0.807577269130535 -2.212318056586162 3.326393034933111e-10
3704 -0.7725216812574982 -2.11352602418489 -0.105754536002503
3705 -0.3720137845602017 -2.114076958168342 6.318718858609143e-10
3706 -0.3910333388292669 -2.216260584938258 0.1056291661112363
3707 -0.4094115490787011 -2.31941811176323 6.320224459808429e-10
3708 -0.3910333381638205 -2.216260586018562 -0.1056291645314272
3709 -1.568751491382936 -0.9057190958415645 -0.1885618083159908
3710 -1.650401149475907 -0.9528595479207821 -0.0942809041580495
3711 -1.747588034762224 -0.3048800400655142 -0.1712593294716832
3712 -1.829135818642592 -0.3191066866994237 -0.08562966473589566
3713 -1.743631345919297 -0.6382133673618766 -0.0856295710820561
3714 -1.665895486792676 -0.6097600680570869 -0.171259142164004
3715 -1.650401149475764 -0.9528595479206996 -0.282842712474426
3716 -1.732050807568592 -0.9999999999998356 -0.1885618083164846
3717 -1.813700465661278 -1.047140452078889 -0.2828427124749197
3718 -1.732050807568593 -0.999999999999835 -0.3771236166328611
3719 -1.848849796256413 -0.3233641360364707 -0.2751414130634324
3720 -1.930467116137941 -0.3371938082359564 -0.1904618963016293
3721 -2.031798294377744 -0.3552809089508561 -0.2952942489270475
3722 -1.950111319239514 -0.3418481903641618 -0.3790237387745507
3723 -1.763075538037444 -0.6443183753997508 -0.2749355128085716
3724 -1.840915859310894 -0.6730853395266573 -0.1900503561165189
3725 -1.938200258556286 -0.7079572713303587 -0.2944712621992468
3726 -1.8602553609898 -0.6788766020202572 -0.3786121255496694
3727 -0.9057190958415652 -1.568751491382935 -0.1885618083159908
3728 -0.9528595479207828 -1.650401149475906 -0.0942809041580495
3729 -1.364714348575367 -1.136035558376064 -0.172953662212298
3730 -1.426374110143976 -1.190026247116178 -0.08647683110620309
3731 -1.190993125968909 -1.424274174841359 -0.08548282719797358
3732 -1.137969316081525 -1.360514477970134 -0.170965654395839
3733 -0.9528595479207009 -1.650401149475764 -0.282842712474426
3734 -0.9999999999998362 -1.732050807568592 -0.1885618083164845
3735 -1.047140452078889 -1.813700465661278 -0.2828427124749195
3736 -0.9999999999998361 -1.732050807568592 -0.3771236166328611
3737 -1.443283866399796 -1.20323895489125 -0.2752572203613615
3738 -1.507165291118561 -1.256587107678378 -0.1890005346512831
3739 -1.587955726354458 -1.323147348508756 -0.291525207829871
3740 -1.521851892746847 -1.270441111942792 -0.3775627177774405
3741 -1.204648669283368 -1.439087197724108 -0.2749255856111847
3742 -1.257475068321332 -1.502974684653764 -0.1903238394144245
3743 -1.323956961703558 -1.581675137005225 -0.295164927118154
3744 -1.271327924544818 -1.517659802556193 -0.3788856678010876
3745 -0.6097600684748264 -1.665895486724763 -0.1712591422438162
3746 -0.6382133675707468 -1.743631345885341 -0.08562957112196219
3747 -0.3191111832260685 -1.829132270184374 -0.08562694187894258
3748 -0.3048890331188034 -1.747580937845788 -0.171253883757777
3749 -0.6443897535721428 -1.762840378028061 -0.2751319968870405
3750 -0.6732280624294 -1.840445471344771 -0.1904432491281125
3751 -0.7082427156933853 -1.937259483117945 -0.2952570481908178
3752 -0.6790193554801234 -1.859785041958852 -0.3790050936433746
3753 -0.3240270517273073 -1.848781285342083 -0.2750866391971569
3754 -0.338510640897495 -1.930337304846724 -0.1903578985110461
3755 -0.3579100689817419 -2.031542222583218 -0.2950889746083224
3756 -0.3431650111614519 -1.949981398986666 -0.3789196335668824
3757 -1.568751491383728 -0.9057190958420219 0.1885618083168336
3758 -1.650401149476303 -0.9528595479210108 0.0942809041583627
3759 -1.747588003427007 -0.3048803415829131 0.1712593504220103
3760 -1.665895486729557 -0.6097600680466063 0.1712591421010563
3761 -1.743631345887738 -0.6382133673566363 0.08562957105047406
3762 -1.829135802974983 -0.319106837458123 0.08562967521095108
3763 -1.650401149476445 -0.952859547921093 0.2828427124748114
3764 -1.732050807569163 -1.000000000000164 0.377123616632789
3765 -1.813700465662022 -1.047140452079317 0.2828427124743174
3766 -1.732050807569163 -1.000000000000164 0.1885618083163401
3767 -1.848849775508834 -0.3233643376885156 0.2751414267792867
3768 -1.950111309150018 -0.3418482921631143 0.3790237451842107
3769 -2.031798289961664 -0.3552809618068501 0.2952942511756261
3770 -1.930467106078484 -0.3371939100402376 0.1904619026813766
3771 -1.763075539245028 -0.6443183746385499 0.2749355118509194
3772 -1.86025536346724 -0.6788766005103775 0.3786121236972262
3773 -1.938200263541602 -0.7079572683210906 0.2944712585267423
3774 -1.840915861787985 -0.6730853380188921 0.1900503542644973
3775 -0.9057190958420226 -1.568751491383728 0.1885618083168336
3776 -0.9528595479210115 -1.650401149476302 0.0942809041583627
3777 -1.364714349506089 -1.136035557708476 0.1729536625017747
3778 -1.137969316066283 -1.360514478657737 0.1709656549133534
3779 -1.190993125961288 -1.424274175185161 0.08548282745662263
3780 -1.426374110609337 -1.190026246782384 0.08647683125083326
3781 -0.9528595479210941 -1.650401149476445 0.2828427124748114
3782 -1.000000000000165 -1.732050807569161 0.3771236166327894
3783 -1.047140452079319 -1.813700465662022 0.2828427124743172
3784 -1.000000000000165 -1.732050807569162 0.18856180831634
3785 -1.443283866593565 -1.203238954558927 0.2752572208094598
3786 -1.521851892203108 -1.270441111945288 0.3775627183849327
3787 -1.587955724822319 -1.323147348827639 0.2915252088993817
3788 -1.507165290585311 -1.256587107671035 0.1890005352581605
3789 -1.204648669380353 -1.439087198096549 0.2749255859530853
3790 -1.271327924766733 -1.517659802602945 0.3788856679676308
3791 -1.323956962151589 -1.581675136757787 0.2951649271926723
3792 -1.257475068538361 -1.502974684704578 0.1903238395809441
3793 -0.609760068383393 -1.665895486639895 0.1712591421326192
3794 -0.3048890329969125 -1.747580937954295 0.1712538838436483
3795 -0.3191111831651231 -1.829132270238627 0.08562694192177009
3796 -0.63821336752503 -1.743631345842907 0.08562957106625553
3797 -0.6443897538317073 -1.762840377677625 0.2751319969792558
3798 -0.6790193560906859 -1.859785041342787 0.379005093938918
3799 -0.7082427169558582 -1.937259481929106 0.2952570488371001
3800 -0.6732280630377782 -1.840445470729148 0.1904432494234213
3801 -0.3240270518675914 -1.848781285054508 0.2750866395704739
3802 -0.3431650115658943 -1.949981398302717 0.3789196342277679
3803 -0.3579100698496177 -2.031542221160613 0.2950889758867985
3804 -0.3385106413004643 -1.930337304162621 0.1903578991716673
3805 -1.405452175197798 -0.8114381916835843 2.928328482732569e-13
3806 -1.487101833290529 -0.8585786437625074 0.09428090415821222
3807 -1.568751491383112 -0.9057190958414978 2.463792665512326e-13
3808 -1.487101833290155 -0.8585786437622803 -0.09428090415751897
3809 -1.580549475765019 -0.2769125556162279 7.026625744290152e-09
3810 -1.664068853701431 -0.2908964680304714 0.0856296208472407
3811 -1.74660239324166 -0.3050015870828728 7.002782618513938e-09
3812 -1.664068869402918 -0.2908963172767215 -0.08562960332830849
3813 -1.50725212172678 -0.5504614637858887 -2.092154298860441e-11
3814 -1.586573906195571 -0.580110802393734 0.08562950566301152
3815 -1.665102677040678 -0.6091621031163232 -2.048751594590322e-11
3816 -1.586573906226215 -0.5801108023985239 -0.08562950571439319
3817 -0.8114381916835844 -1.405452175197797 2.930271373025663e-13
3818 -0.858578643762517 -1.487101833290585 0.09428090415826593
3819 -0.9057190958415019 -1.568751491383152 2.627643080229922e-13
3820 -0.8585786437622789 -1.48710183329018 -0.09428090415753985
3821 -1.232807710095844 -1.028894671036093 9.629037855172816e-11
3822 -1.298761581847481 -1.0824655388834 0.08647613646650051
3823 -1.362568122024804 -1.136246105248979 9.575694568594782e-11
3824 -1.298761581393757 -1.082465539204458 -0.08647613622678733
3825 -1.030182100917851 -1.230005501370111 1.724489432959437e-10
3826 -1.084075743236678 -1.295260031550503 0.08548277338992478
3827 -1.137534451975091 -1.359767123964208 1.724485855574136e-10
3828 -1.084075743244284 -1.295260031206676 -0.08548277295874912
3829 -0.5504614356816465 -1.507252029509064 -3.695446179524165e-11
3830 -0.580110783413708 -1.586573839075471 0.0856294842294157
3831 -0.6091620911834981 -1.665102632980681 -3.708580349201943e-11
3832 -0.5801107834607777 -1.586573839117465 -0.08562948432201045
3833 -0.2769184350884396 -1.580544654692555 2.871900485642452e-11
3834 -0.2909037488095066 -1.66406288102971 0.08562685595229859
3835 -0.3050074734011998 -1.746597617960166 2.862806602588455e-11
3836 -0.2909037488704461 -1.664062880975419 -0.08562685588062899
3837 1.212132034070658 -2.099474268492191 0.4242640692825397
3838 1.28284271190361 -2.221948755136498 0.5656854260912553
3839 0.4149194260915251 -2.350968675254813 0.4604096973594899
3840 0.4375228437106029 -2.487624656817898 0.6039319944816254
3841 0.8678236067817184 -2.370459218283431 0.6052642470321451
3842 0.8203192346113691 -2.24095307059558 0.4612583399515336
3843 1.269856771565239 -2.199456449108246 0.2930263982671582
3844 1.351151734813801 -2.340263458276066 0.3974909882184336
3845 1.401080162639027 -2.426742025165669 0.1999101136879391
3846 1.318391211517249 -2.283520561599329 0.1470955089229756
3847 0.4374658062810496 -2.479777431930349 0.3189074119034869
3848 0.464878724782779 -2.641110678451758 0.4265564653928501
3849 0.4855360497191439 -2.751980440587181 0.2179502558574215
3850 0.4566629000727568 -2.587278011827714 0.1617897384632468
3851 0.8638439680901834 -2.364595805370265 0.3197958159816468
3852 0.9199725106483101 -2.517908026687325 0.4280895681280222
3853 0.9580139876657456 -2.625408570649999 0.2169539972497499
3854 0.9003149089553223 -2.468264191497045 0.1613526155651072
3855 2.09947426849219 -1.212132034070659 0.4242640692825397
3856 2.221948755136496 -1.282842711903611 0.5656854260912553
3857 1.533905885289003 -1.830165594679763 0.4598388466295397
3858 1.624941386297099 -1.935812590532966 0.6025116352563789
3859 1.951808880953172 -1.620718894781658 0.5935529486166959
3860 1.844439355781052 -1.531244449584739 0.4508906607453501
3861 2.199783228409621 -1.270045439647319 0.292374539867489
3862 2.340917016878816 -1.35152907097796 0.3961872714190953
3863 2.426742026575752 -1.401080160990349 0.1999101121687724
3864 2.283520562304361 -1.318391210692999 0.1470955081633569
3865 1.618005281611286 -1.929628878093041 0.3186027596291948
3866 1.724366522334394 -2.054435459251037 0.4257612097997966
3867 1.797262290019703 -2.141016586647125 0.214725919968621
3868 1.688839904055621 -2.013071188952866 0.1602240892269875
3869 1.938916385708504 -1.615738804196387 0.3119017839896551
3870 2.064640183971497 -1.720564828248924 0.4183140646368697
3871 2.145561355117087 -1.794237566952502 0.2117588355091193
3872 2.017436895250271 -1.687145325652981 0.1572525581457425
3873 2.242427213314408 -0.8198697616464931 0.4600350738855605
3874 2.371320469656419 -0.8675159966861118 0.6045747064278346
3875 2.491902756031203 -0.4370200307655799 0.600248635260016
3876 2.353394250431786 -0.4117118736979314 0.4587977040145439
3877 2.365882622366634 -0.8636154983668717 0.3184638642674846
3878 2.519090520044766 -0.9199098769035217 0.4265972296636448
3879 2.625901640719326 -0.9574425538382541 0.216504061689434
3880 2.468858469430099 -0.8999305998498811 0.1608346948322501
3881 2.481138867001992 -0.4352840692158502 0.3172515454911672
3882 2.643451157070463 -0.4644567165630711 0.4229381346722554
3883 2.75268438263859 -0.4846776632471996 0.2158992610078055
3884 2.587725677375031 -0.4552483519293596 0.1608409560832445
3885 1.073547760625061 -1.859439256915833 0.6367824209469918
3886 1.099955069170888 -1.905178048169786 0.8021603211032168
3887 1.199910128408026 -2.078305302450334 0.7009453412264376
3888 1.147095516283249 -1.986827713102608 0.5390344789293665
3889 0.3705457318498249 -2.102796545041181 0.6454491928592655
3890 0.3787885397307961 -2.154411775901035 0.8081455550607941
3891 0.4103834432838535 -2.331121330812124 0.7225946617696776
3892 0.3938464587496601 -2.231934185603299 0.5612074072223375
3893 0.7310914469357999 -2.005028194532591 0.6457649227321574
3894 0.7485509377590266 -2.053316891650038 0.8086550286907167
3895 0.8123942037133198 -2.223273428630994 0.7225897596705392
3896 0.7778088396880934 -2.128683403014741 0.5613267821088985
3897 1.861198535070022 -1.074563475461136 0.6362449561048371
3898 1.908696604478165 -1.101986498843037 0.8010853914189076
3899 2.078305307211177 -1.199910123063922 0.7009453403764849
3900 1.98682771548303 -1.147095513611196 0.5390344785043898
3901 1.371442025611534 -1.635194020091885 0.6457457319241172
3902 1.404876954004458 -1.674155731074798 0.8086455854917557
3903 1.524046065034548 -1.815924212134446 0.7206257745114715
3904 1.457242438799377 -1.738149875973874 0.5603159273070459
3905 1.640728716906538 -1.371284451653945 0.6432278927031925
3906 1.681038773826041 -1.404926692121975 0.8065859257411532
3907 1.826891255069458 -1.522155413447439 0.7158094053205015
3908 1.747818391815496 -1.455931236491725 0.5549300559051576
3909 2.006374344500595 -0.7316992345889705 0.6451085471958152
3910 2.055313703421858 -0.7499637061863336 0.8079281472677216
3911 2.223751810763925 -0.8128432045653008 0.7220864371829261
3912 2.129618180764344 -0.7778361892066442 0.5604893580234852
3913 2.103788480564799 -0.3698960975245735 0.6453113482698937
3914 2.156204320298003 -0.37945998432481 0.8077164278234258
3915 2.334478993114451 -0.4103788067935151 0.7208816755966935
3916 2.233804182703108 -0.3918734008807614 0.5605041892533233
3917 0.7878679653816362 -1.364627345696912 0.42426406818713
3918 0.7171572870002394 -1.242152858102671 0.5656854238989555
3919 0.2670023580342063 -1.529017504162829 0.400511486952557
3920 0.2433378332811172 -1.392005402066563 0.5441421475663381
3921 0.4857369987300984 -1.327058141406228 0.5441910142551862
3922 0.5335218838793311 -1.457608884755561 0.4005398640040995
3923 0.852904483916326 -1.47727390034623 0.5390344781312953
3924 0.8000898719906299 -1.385796309308732 0.7009453396293082
3925 0.9000449386239476 -1.558923562620568 0.8021603211379372
3926 0.9264522432724793 -1.604662356048436 0.6367824209645987
3927 0.2917200907398953 -1.665371223424056 0.5253913305760447
3928 0.2738967249995339 -1.563517207859188 0.6909673086976904
3929 0.310605578796902 -1.762707182313492 0.7973132422495833
3930 0.3195127601055928 -1.815563851627028 0.6300317396076829
3931 0.5795148166233948 -1.587567962209643 0.5249723543787369
3932 0.5434782401461433 -1.489900768259817 0.6901241024174326
3933 0.613782324328884 -1.682783587288136 0.797684663087686
3934 0.6317891083588308 -1.732546965221733 0.6302187625920685
3935 1.364627345696912 -0.7878679653816368 0.42426406818713
3936 1.24215285810267 -0.7171572870002401 0.5656854238989555
3937 0.9958771567839207 -1.190175954738022 0.4002232120425642
3938 0.9068088082606904 -1.083597127073024 0.5439979420603903
3939 1.086039096348834 -0.9055014556623164 0.5450382733124747
3940 1.194546838133605 -0.993773164684871 0.4022343818892958
3941 1.477273900278095 -0.8529044836611964 0.5390344780220044
3942 1.385796309172463 -0.8000898714803701 0.7009453394107269
3943 1.555405008828053 -0.8980135006570548 0.8010853909270433
3944 1.602903079152178 -0.9254365242890329 0.6362449558591518
3945 1.084704170125609 -1.294894718791422 0.5243789220017082
3946 1.017586124002291 -1.214589790612497 0.6892305957955157
3947 1.150178043393538 -1.372655486342484 0.7975432254167727
3948 1.184438411836819 -1.41314991274829 0.6300747331351445
3949 1.297782859060723 -1.08331834644453 0.5257049183055764
3950 1.216164248891778 -1.016746603361812 0.6898971284005353
3951 1.371715672101343 -1.149895643339526 0.797537816611804
3952 1.413730896715524 -1.183814544747536 0.6305678257305097
3953 1.457608886288928 -0.5335218815107519 0.4005398646137496
3954 1.3270581433579 -0.4857369930330606 0.5441910140974318
3955 1.392362231891961 -0.242021678855949 0.5442745685893188
3956 1.529201241304317 -0.2663375364395213 0.4005817813678587
3957 1.58720267292292 -0.5797387449959986 0.5248107806501277
3958 1.489170187733615 -0.5439260995004079 0.6898009540212106
3959 1.680037889342271 -0.6123734651743032 0.7968465324950091
3960 1.731174116953177 -0.6310846775452048 0.6297996975339391
3961 1.665093078982184 -0.2912658110214597 0.5251802612056916
3962 1.56295381616045 -0.2729971814622782 0.6905397291514879
3963 1.761487080665811 -0.3094978858571633 0.7969312178626718
3964 1.814955577895184 -0.318956655265234 0.629842086707457
3965 0.6816087889939095 -1.180581053083102 0.1470955083910018
3966 0.598919838383223 -1.037359589060983 0.1999101126235629
3967 0.648848264931623 -1.123838161134169 0.3974909943744021
3968 0.7301432283074799 -1.264645168166024 0.2930264013453844
3969 0.234807032309016 -1.336720803204435 0.1403205077287641
3970 0.2066809789169576 -1.176415377421768 0.1950143620946277
3971 0.2221031202993101 -1.266678744995275 0.3813001613640147
3972 0.2494515633468563 -1.424103394838869 0.2762768861195284
3973 0.4649158448839954 -1.274891585845999 0.1396532012566374
3974 0.4090196765075833 -1.121853142415103 0.1936771227894346
3975 0.4415728547872683 -1.208079102940268 0.3817431453386559
3976 0.4963161465028186 -1.358062026565954 0.2765010059247608
3977 1.180581053318396 -0.6816087886768835 0.14709550856427
3978 1.037359589531573 -0.5989198377491699 0.1999101129700993
3979 1.123184596059649 -0.6484709290295458 0.3961872681265404
3980 1.264318385628761 -0.7299545603564607 0.2923745382214605
3981 0.8715804847678587 -1.039762180400436 0.1388720176895086
3982 0.7668725924403011 -0.9147734876957165 0.1922613898602647
3983 0.8257613202845899 -0.9860569480264798 0.3816452923953549
3984 0.9281891568014442 -1.108404919042777 0.2763053874687078
3985 1.041216952659666 -0.8708761431204074 0.1395418717650015
3986 0.9155813776423057 -0.7664294808056761 0.1926092483451397
3987 0.9874525809953677 -0.8249330692936203 0.3820885473648813
3988 1.111203481433225 -0.9268087728119867 0.2775199989722434
3989 1.274918633676017 -0.4649125520079656 0.1397479884016706
3990 1.12190716849412 -0.4090130694017147 0.1938666243939755
3991 1.207682815009308 -0.4413011123384047 0.3809068549602856
3992 1.357863915999666 -0.4961802846782236 0.2760828953321195
3993 1.336800595648968 -0.2345600958775086 0.1404544227590397
3994 1.176571338837726 -0.2061915911317637 0.1952793991713959
3995 1.266673864980871 -0.2210612117593137 0.3809673656291463
3996 1.424104543888518 -0.2489261191205337 0.2761132495172084
3997 0.7878679659331841 -1.364627346652221 -0.4242640692902257
3998 0.7171572881040214 -1.242152860014477 -0.5656854261065193
3999 0.2670023580780124 -1.52901750541211 -0.4005114882656166
4000 0.2433378335309367 -1.392005404706976 -0.5441421503600767
4001 0.4857369995900505 -1.327058143479026 -0.5441910166177009
4002 0.5335218845024499 -1.457608885822385 -0.4005398652803158
4003 0.730143228558045 -1.264645168600033 -0.29302640220931
4004 0.6488482654331907 -1.123838162002962 -0.3974909961031434
4005 0.5989198383481787 -1.037359589000277 -0.1999101123556405
4006 0.6816087889762731 -1.180581053052551 -0.147095508256812
4007 0.2494515633247549 -1.424103395454013 -0.2762768872607258
4008 0.2221031203632337 -1.266678746320224 -0.3813001637582935
4009 0.2066809788223225 -1.176415377672875 -0.1950143630439496
4010 0.2348070322346651 -1.336720803306277 -0.1403205081753937
4011 0.4963161468287341 -1.358062027083597 -0.2765010069304112
4012 0.4415728551794224 -1.20807910393567 -0.3817431472233679
4013 0.4090196765404752 -1.121853142499714 -0.1936771230831084
4014 0.4649158449654248 -1.274891585898246 -0.1396532014350807
4015 1.364627346652221 -0.7878679659331848 -0.4242640692902257
4016 1.242152860014476 -0.717157288104022 -0.5656854261065193
4017 0.995877157623431 -1.19017595527115 -0.4002232130491442
4018 0.9068088098050588 -1.083597128477587 -0.5439979442466139
4019 1.086039098888994 -0.9055014563987593 -0.5450382758671696
4020 1.194546840395544 -0.9937731640141089 -0.4022343832659612
4021 1.264318386079051 -0.7299545606163262 -0.2923745391223648
4022 1.123184596960967 -0.6484709295497164 -0.3961872699292077
4023 1.03735958952081 -0.5989198377942574 -0.1999101130211534
4024 1.180581053312817 -0.6816087886993125 -0.1470955085895684
4025 0.9281891572408949 -1.108404919232538 -0.2763053882966471
4026 0.8257613210737178 -0.9860569486315529 -0.3816452941665263
4027 0.7668725924735675 -0.9147734875928312 -0.1922613896900713
4028 0.8715804848069199 -1.039762180292592 -0.1388720175755944
4029 1.111203482775762 -0.9268087722009914 -0.2775200000518627
4030 0.9874525823455674 -0.8249330694680238 -0.3820885493921808
4031 0.9155813778727976 -0.7664294805706089 -0.1926092483844501
4032 1.041216953106641 -0.870876142656504 -0.1395418718170448
4033 1.457608886511667 -0.5335218805862341 -0.4005398645652727
4034 1.327058145021787 -0.4857369930771019 -0.5441910157953452
4035 1.39236221986799 -0.2420218303918512 -0.5442745829810398
4036 1.529201212106469 -0.2663378382239087 -0.4005818045664741
4037 1.357863915979588 -0.4961802839921824 -0.2760828955133215
4038 1.207682815783477 -0.4413011122298275 -0.3809068565212024
4039 1.12190716846854 -0.4090130691995254 -0.1938666246089263
4040 1.274918633459824 -0.46491255159183 -0.139747988210107
4041 1.424104524065582 -0.2489263202356282 -0.276113265366442
4042 1.266673856352191 -0.221061312657557 -0.3809673759326183
4043 1.176571333955659 -0.2061916414945732 -0.195279404010359
4044 1.336800585426551 -0.2345601963869171 -0.1404544305451184
4045 0.9264522424391594 -1.604662356397588 -0.6367824209345215
4046 0.9000449369575366 -1.558923563319269 -0.8021603210782403
4047 0.800089872442706 -1.385796309875619 -0.7009453400491774
4048 0.8529044841421353 -1.477273900629278 -0.5390344783407724
4049 0.319512759775601 -1.815563852051834 -0.6300317396792562
4050 0.3106055781911136 -1.762707183210459 -0.7973132424487517
4051 0.2738967250870979 -1.563517209793166 -0.6909673098397228
4052 0.2917200907297237 -1.665371224343675 -0.525391331091093
4053 0.631789107845342 -1.732546965564981 -0.6302187626624797
4054 0.613782323173118 -1.682783587954333 -0.7976846631653232
4055 0.5434782405017207 -1.48990076932286 -0.6901241031129611
4056 0.5795148169299569 -1.587567962761448 -0.5249723547897341
4057 1.602903079587327 -0.9254365245401894 -0.6362449559935538
4058 1.555405009698748 -0.8980135011595958 -0.8010853911963047
4059 1.3857963105468 -0.800089871842376 -0.700945340213839
4060 1.477273900964868 -0.8529044838419706 -0.5390344784231033
4061 1.184438411514426 -1.413149912993243 -0.6300747331019512
4062 1.150178042701007 -1.3726554869476 -0.797543225407998
4063 1.017586124858868 -1.214589790931405 -0.6892305962643726
4064 1.084704170594432 -1.294894718841661 -0.5243789221784365
4065 1.413730897224914 -1.183814544576978 -0.6305678258388383
4066 1.371715672457542 -1.149895643689922 -0.7975378167639318
4067 1.216164250593099 -1.016746603406912 -0.689897129230385
4068 1.297782860573307 -1.083318345775014 -0.5257049187857967
4069 1.731174117124619 -0.6310846772926839 -0.629799697265944
4070 1.680037890096374 -0.6123734652876013 -0.7968465325571604
4071 1.48917018906321 -0.5439260993218126 -0.6898009545856005
4072 1.587202673181219 -0.579738744276278 -0.5248107803342059
4073 1.814955568187714 -0.3189567558723281 -0.6298420940713459
4074 1.761487076802914 -0.3094979364103673 -0.7969312218256307
4075 1.562953808670644 -0.2729972824835507 -0.6905397380529673
4076 1.665093059729934 -0.2912660122009667 -0.5251802763758812
4077 1.212132034564061 -2.09947426934679 -0.4242640682957328
4078 1.282842712891211 -2.221948756847073 -0.565685424116053
4079 0.4149194264795051 -2.35096867722085 -0.4604096954187786
4080 0.4375228441683117 -2.487624658613406 -0.6039319927595277
4081 0.8678405339753533 -2.370449222751465 -0.6052678153884343
4082 0.8203530888665503 -2.240933077609292 -0.4612654782997988
4083 1.147095516517604 -1.986827713552359 -0.5390344786328559
4084 1.199910128877267 -2.078305303350753 -0.7009453406323579
4085 1.099955068280809 -1.905178049024202 -0.8021603210263165
4086 1.07354776017989 -1.859439257342811 -0.6367824209088063
4087 0.3938464589803433 -2.231934186818342 -0.5612074061161132
4088 0.4103834435332095 -2.331121331817568 -0.7225946609970222
4089 0.3787885392343059 -2.154411776140327 -0.808145554843102
4090 0.3705457316548698 -2.102796545516869 -0.6454491923905348
4091 0.7778314118935341 -2.128670080868837 -0.5613315484317589
4092 0.8124054897687073 -2.223266767973625 -0.7225921426339859
4093 0.7485565807576521 -2.053313563336416 -0.8086562221992087
4094 0.7311027341512569 -2.005021537161076 -0.645767309817914
4095 2.09947426934679 -1.212132034564063 -0.4242640682957328
4096 2.221948756847072 -1.282842712891212 -0.565685424116053
4097 1.53390589073086 -1.83016559502827 -0.4598388430886399
4098 1.624941392262329 -1.935812592097216 -0.602511630665626
4099 1.951808882383381 -1.620718897235501 -0.5935529461180148
4100 1.844439356837182 -1.531244451746134 -0.4508906586367774
4101 1.986827715915633 -1.14709551416866 -0.5390344781219437
4102 2.078305308077304 -1.199910124179375 -0.700945339610532
4103 1.908696605257509 -1.101986499292719 -0.8010853911779432
4104 1.861198535459465 -1.074563475685846 -0.6362449559846196
4105 1.457242442311096 -1.738149876306725 -0.5603159254457311
4106 1.524046068779406 -1.815924213378785 -0.7206257724501703
4107 1.404876955310739 -1.674155732194926 -0.8086455848684703
4108 1.371442027084209 -1.635194020507155 -0.6457457311969752
4109 1.747818392358963 -1.455931238018748 -0.5549300547944042
4110 1.826891255701059 -1.522155415254625 -0.7158094042467935
4111 1.681038774159537 -1.404926693159521 -0.8065859253668833
4112 1.640728717187549 -1.371284452482986 -0.6432278922294077
4113 2.242429042354688 -0.8198630743184714 -0.4600355886947364
4114 2.371324132558746 -0.8675026475271325 -0.6045757227671299
4115 2.491449231229656 -0.433914011738131 -0.6011347817013776
4116 2.353167488051212 -0.4101588649830603 -0.4592407770780319
4117 2.129619338191877 -0.7778317393189638 -0.5604895947332271
4118 2.223754128836166 -0.8128343217889477 -0.7220869017525292
4119 2.055316178656496 -0.7499593600712805 -0.8079279419336755
4120 2.006375581312899 -0.7316970572814282 -0.6451084467405064
4121 2.233592563993283 -0.3908444920103185 -0.5607110406290877
4122 2.334055755668147 -0.4083209879875416 -0.7212953785581084
4123 2.155927600131709 -0.3785638982358636 -0.8078232505329696
4124 2.103650120488226 -0.3694480547463596 -0.6453647595721281
4125 1.318391211429094 -2.283520561576801 -0.1470955091654162
4126 1.401080162462985 -2.426742025121071 -0.1999101141722905
4127 1.35115173503659 -2.340263460225018 -0.3974909851180065
4128 1.269856771676369 -2.199456450082264 -0.293026396717474
4129 0.4566629001581518 -2.587278012244063 -0.1617897381763957
4130 0.4855360497838516 -2.75198044070768 -0.2179502560035159
4131 0.4648787248726453 -2.64111067987389 -0.4265564634312269
4132 0.4374658064320651 -2.479777433353562 -0.3189074102029346
4133 0.9003261962885508 -2.468257534624788 -0.1613550034475463
4134 0.9580196310463375 -2.625405242263298 -0.2169551913732823
4135 0.9199837965497696 -2.517901367573756 -0.4280919500385381
4136 0.8638665403360549 -2.364582484983427 -0.319800582755241
4137 2.283520562778021 -1.318391209867664 -0.1470955081717981
4138 2.426742027523531 -1.401080159339945 -0.1999101121851254
4139 2.340917017685683 -1.351529071443114 -0.3961872698057016
4140 2.199783228812596 -1.270045439879631 -0.2923745390613218
4141 1.688839905637436 -2.013071188545513 -0.1602240881344533
4142 1.797262291547725 -2.141016586119256 -0.2147259186145491
4143 1.724366525867754 -2.054435460423511 -0.4257612050935046
4144 1.618005285017114 -1.929628878389996 -0.3186027564453336
4145 2.017436895702461 -1.687145325675547 -0.1572525578405304
4146 2.145561355793701 -1.794237566374919 -0.2117588354729065
4147 2.064640184662371 -1.720564830042354 -0.4183140621510275
4148 1.938916386281129 -1.615738805715939 -0.3119017821734811
4149 2.46885914208362 -0.8999284218963172 -0.1608350914166926
4150 2.625902987641277 -0.9574382064196125 -0.2165048504347709
4151 2.519093188691807 -0.9199010239066483 -0.4265980671530952
4152 2.365883955082546 -0.8636110633652934 -0.3184642874369699
4153 2.587748078297079 -0.4546989225233009 -0.161100361693533
4154 2.752729184464078 -0.4835788038930005 -0.2164180723405515
4155 2.643322063027685 -0.4623124887781578 -0.4237358022804264
4156 2.481074319374048 -0.4342119603926822 -0.3176503790182071
4157 0.9999999999999996 -1.732050807568878 -1.081640629586862e-13
4158 1.732050807568877 -1 -1.081640629586862e-13
4159 0.3333333333333329 -1.910683602522959 -1.081640629586862e-13
4160 0.6666666666666662 -1.821367205045918 -1.081640629586862e-13
4161 1.047140452079235 -1.81370046566188 0.09428090415786922
4162 1.094280904158471 -1.895350123754882 0.1885618083158466
4163 1.04714045207897 -1.813700465661421 -0.09428090415854296
4164 1.094280904157941 -1.895350123753965 -0.1885618083169777
4165 0.352994225046371 -2.011893299579215 0.1056291334123793
4166 0.3726551167594092 -2.113102996635472 0.2112582668248668
4167 0.7374321305162352 -2.014753683620458 0.211501621913912
4168 0.7020493985914508 -1.918060444333188 0.1057508109569019
4169 0.3529942251524548 -2.011893300291405 -0.1056291326927486
4170 0.7020663256970265 -1.918050447519653 -0.1057543804037931
4171 0.7374659847273869 -2.014733689993386 -0.2115087608074781
4172 0.3726551169715765 -2.11310299805985 -0.211258265385389
4173 1.094280904158206 -1.895350123754423 -4.010102828247733e-13
4174 1.141421356237382 -1.976999781847432 0.09428090415771719
4175 1.188561808316176 -2.058649439939995 -3.651500791293807e-13
4176 1.141421356237118 -1.976999781846973 -0.09428090415864769
4177 0.3720137846785458 -2.114076958727087 4.797790637411398e-10
4178 0.3910333386513635 -2.216260585810196 0.1056291654929665
4179 0.4094115494367697 -2.319418112279649 4.798524818645739e-10
4180 0.3910333387574462 -2.216260586522325 -0.105629164293428
4181 0.7372827443091684 -2.01579496871871 -2.383878938855399e-06
4182 0.7724991086025873 -2.113539341473504 0.1057497707162202
4183 0.8075659811034762 -2.21232471075682 -2.387760909281066e-06
4184 0.7725160372341547 -2.113529348819368 -0.1057557323544985
4185 1.244016935856292 -1.488033871712585 -1.081640629586862e-13
4186 1.488033871712584 -1.244016935856293 -1.081640629586862e-13
4187 1.813700465661879 -1.047140452079236 0.09428090415786922
4188 1.895350123754881 -1.094280904158472 0.1885618083158466
4189 1.813700465661421 -1.047140452078972 -0.09428090415854296
4190 1.895350123753964 -1.094280904157942 -0.1885618083169777
4191 1.310301418664497 -1.566862114083911 0.1057220193341613
4192 1.376585901472702 -1.645690356455236 0.2114440386684308
4193 1.65405784431015 -1.375852314877312 0.2054855819159668
4194 1.571045858011367 -1.309934625366802 0.1027427909579293
4195 1.310301420303992 -1.566862113794832 -0.1057220185039567
4196 1.571045858238718 -1.309934625989784 -0.102742790385252
4197 1.65405784476485 -1.375852316123275 -0.2054855807703958
4198 1.376585904751691 -1.645690355877077 -0.2114440370078052
4199 1.895350123754423 -1.094280904158207 -4.011213051272358e-13
4200 1.976999781847425 -1.141421356237443 0.09428090415774083
4201 2.058649439939968 -1.188561808316413 -3.648864011610323e-13
4202 1.976999781846966 -1.141421356237178 -0.09428090415867145
4203 1.377415688464884 -1.646182244989083 5.537621149114103e-10
4204 1.44452989682364 -1.725502308256045 0.1057221204209188
4205 1.512473772571969 -1.80531412420024 5.539855241654736e-10
4206 1.444529898463967 -1.725502307965947 -0.1057221190363477
4207 1.651762438837436 -1.376928180826583 3.821205303549697e-10
4208 1.732478049803632 -1.443920911814679 0.1027442421588848
4209 1.810896316031359 -1.511987861054436 3.827956292207252e-10
4210 1.732478050030627 -1.443920912437556 -0.1027442412031919
4211 1.821367205045918 -0.6666666666666671 -1.081640629586862e-13
4212 1.910683602522959 -0.3333333333333335 -1.081640629586862e-13
4213 1.918756122354744 -0.7018522866467363 0.1051651471143566
4214 2.01614503966357 -0.7370379066268054 0.2103302942288215
4215 2.113485030729231 -0.3687135888646332 0.2115645151793451
4216 2.012084316626095 -0.3510234610989834 0.1057822575896185
4217 1.918756120747489 -0.7018522781477149 -0.105165151540853
4218 2.012084316639562 -0.3510234616315522 -0.1057822574849675
4219 2.113485030756165 -0.3687135899297709 -0.2115645149698268
4220 2.016145036449059 -0.7370378896287627 -0.2103303030815979
4221 2.016729055311041 -0.7370085819194263 -2.949887972756873e-09
4222 2.114701925117934 -0.772164863302789 0.1051652217813211
4223 2.21325868106314 -0.8072917751840665 -2.949043948832045e-09
4224 2.114701923512759 -0.7721648547947629 -0.1051652291555649
4225 2.11433188553368 -0.3693861440317261 1.846489265837367e-10
4226 2.21657930961514 -0.3877487915542924 0.1057824205245237
4227 2.319673297218914 -0.4067839365803148 7.476746617168593e-11
4228 2.216579308800196 -0.3877487981326503 -0.105782420117788
4229 0.9057190958415644 -1.568751491382936 -0.1885618083159908
4230 0.952859547920782 -1.650401149475907 -0.0942809041580495
4231 0.3048890328611696 -1.747580938252483 -0.1712538841141404
4232 0.3191111830972513 -1.829132270387721 -0.08562694205712429
4233 0.6382133675827272 -1.74363134608586 -0.08562957131438236
4234 0.6097600684987882 -1.665895487125802 -0.1712591426286565
4235 0.9528595479206997 -1.650401149475764 -0.282842712474426
4236 0.9999999999998351 -1.732050807568593 -0.1885618083164844
4237 1.047140452078888 -1.813700465661279 -0.2828427124749192
4238 0.9999999999998347 -1.732050807568593 -0.3771236166328611
4239 0.3240270518228708 -1.848781285672429 -0.2750866393298724
4240 0.3385106411524665 -1.930337305134671 -0.1903578984203791
4241 0.357910069621174 -2.03154222295565 -0.2950889742489639
4242 0.3431650116115567 -1.949981399240433 -0.3789196334762641
4243 0.6443897536390976 -1.762840377458709 -0.2751319979122064
4244 0.6732280624570808 -1.840445469835053 -0.1904432507932133
4245 0.7082427157367772 -1.937259479898015 -0.2952570513285614
4246 0.679019355590093 -1.859785040419151 -0.3790050953087903
4247 1.568751491382935 -0.9057190958415652 -0.1885618083159908
4248 1.650401149475906 -0.9528595479207828 -0.0942809041580495
4249 1.137969315579966 -1.360514478614004 -0.1709656545678192
4250 1.190993125718129 -1.424274175163295 -0.08548282728396367
4251 1.426374108442421 -1.190026247780681 -0.08647683022165643
4252 1.364714345172258 -1.13603555970507 -0.1729536604432047
4253 1.650401149475764 -0.9528595479207008 -0.2828427124744261
4254 1.732050807568591 -0.9999999999998367 -0.1885618083164849
4255 1.813700465661277 -1.047140452078891 -0.2828427124749201
4256 1.732050807568592 -0.9999999999998365 -0.377123616632861
4257 1.204648669557826 -1.439087197686304 -0.2749255856925762
4258 1.257475068868993 -1.50297468435567 -0.1903238394058414
4259 1.323956963056407 -1.581675136081302 -0.295164927015245
4260 1.271327925608789 -1.517659801825114 -0.3788856677923847
4261 1.443283863732111 -1.203238955425241 -0.2752572197138654
4262 1.507165288739945 -1.256587107957933 -0.1890005351223181
4263 1.58795572329992 -1.323147348404271 -0.2915252096550069
4264 1.521851890816864 -1.270441111683585 -0.3775627182485801
4265 1.665895487016338 -0.609760067619133 -0.1712591422235029
4266 1.743631346031128 -0.6382133671429 -0.08562957111180555
4267 1.829135803130289 -0.319106837574211 -0.08562967538404152
4268 1.747588003737618 -0.3048803418150886 -0.1712593507679749
4269 1.76307553587765 -0.6443183731344648 -0.2749355156934225
4270 1.840915854808445 -0.673085335323852 -0.1900503618268329
4271 1.938200249437746 -0.7079572631486861 -0.294471273589962
4272 1.860255356442933 -0.6788765979375605 -0.3786121312595457
4273 1.848849775587656 -0.3233643379059537 -0.2751414271254141
4274 1.930467105933497 -0.3371939101989773 -0.1904619030275509
4275 2.031798289516376 -0.3552809620082401 -0.2952942516948537
4276 1.950111308997037 -0.3418482923658121 -0.3790237455304405
4277 0.9057190958420218 -1.568751491383728 0.1885618083168336
4278 0.9528595479210107 -1.650401149476303 0.0942809041583627
4279 0.3048890329693078 -1.74758093834705 0.1712538842258146
4280 0.6097600682412645 -1.665895487085235 0.1712591425019724
4281 0.6382133674539654 -1.743631346065577 0.0856295712509321
4282 0.3191111831513204 -1.829132270435005 0.08562694211285318
4283 0.952859547921093 -1.650401149476446 0.2828427124748114
4284 1.000000000000164 -1.732050807569162 0.377123616632789
4285 1.047140452079317 -1.813700465662022 0.2828427124743179
4286 1.000000000000164 -1.732050807569163 0.1885618083163403
4287 0.3240270518592827 -1.848781285498227 0.2750866396443709
4288 0.3431650115766339 -1.949981398797278 0.3789196339934347
4289 0.3579100694978988 -2.031542222021673 0.2950889752274517
4290 0.3385106411177655 -1.93033730469137 0.1903578989375255
4291 0.6443841096566368 -1.762843706241466 0.2751308042735066
4292 0.6790080678827091 -1.859791698025222 0.3790027081579625
4293 0.7082201434568524 -1.937272802314208 0.2952522848526024
4294 0.6732167762527338 -1.840452131033012 0.1904408675235368
4295 1.568751491383728 -0.9057190958420226 0.1885618083168336
4296 1.650401149476302 -0.9528595479210115 0.0942809041583627
4297 1.137969315490198 -1.360514478839542 0.1709656546831228
4298 1.364714343849779 -1.136035561090382 0.1729536603107085
4299 1.426374107781182 -1.190026248473337 0.08647683015530018
4300 1.190993125673245 -1.424274175276063 0.08548282734150731
4301 1.650401149476445 -0.9528595479210938 0.2828427124748112
4302 1.732050807569162 -1.000000000000165 0.377123616632789
4303 1.813700465662023 -1.047140452079317 0.2828427124743173
4304 1.732050807569163 -1.000000000000164 0.1885618083163399
4305 1.204648668957423 -1.439087197928456 0.2749255860464608
4306 1.271327924484246 -1.517659802094978 0.3788856683847674
4307 1.323956960854773 -1.581675136505463 0.2951649281419533
4308 1.25747506774911 -1.502974684621361 0.1903238399979881
4309 1.443283862773371 -1.20323895614115 0.2752572198178567
4310 1.521851890222791 -1.270441111730902 0.3775627185877359
4311 1.587955722775504 -1.323147347803536 0.2915252103986488
4312 1.507165288146885 -1.25658710800369 0.1890005354612917
4313 1.66589548782861 -0.6097600688811846 0.1712591434200089
4314 1.747588034652101 -0.3048800404598403 0.1712593294308963
4315 1.82913581858753 -0.3191066868965869 0.08562966471539404
4316 1.743631346437264 -0.6382133677739258 0.08562957170995039
4317 1.763075536956326 -0.6443183768083728 0.2749355150163871
4318 1.860255357790434 -0.6788766040164748 0.37861212870933
4319 1.938200251719598 -0.7079572746874717 0.2944712678893736
4320 1.840915856151834 -0.6730853414104703 0.1900503592755208
4321 1.848849796259737 -0.3233641368366202 0.2751414128677917
4322 1.950111319356303 -0.3418481915701437 0.3790237384239203
4323 2.031798294682623 -0.3552809110778538 0.2952942482464573
4324 1.930467116262843 -0.3371938093980343 0.1904618959511174
4325 0.811438191683584 -1.405452175197798 2.927958408391027e-13
4326 0.8585786437624845 -1.487101833290557 0.09428090415822594
4327 0.9057190958414806 -1.568751491383135 2.4861821631756e-13
4328 0.8585786437622689 -1.487101833290173 -0.09428090415752825
4329 0.2769184347215815 -1.580544655006854 3.73630170730717e-11
4330 0.2909037486122563 -1.664062881383194 0.08562685614772458
4331 0.3050074732381631 -1.746597618238571 3.72465461969182e-11
4332 0.2909037485581941 -1.664062881335896 -0.08562685605449587
4333 0.5504614355747566 -1.507252029815726 -4.215396775759048e-11
4334 0.5801107832905996 -1.586573839450977 0.08562948441153531
4335 0.6091620911284746 -1.665102633268507 -4.224425279012706e-11
4336 0.5801107834203952 -1.586573839470941 -0.08562948451704673
4337 1.405452175197797 -0.8114381916835847 2.928235964147183e-13
4338 1.487101833290553 -0.8585786437625104 0.0942809041582351
4339 1.568751491383143 -0.905719095841506 2.381451124519294e-13
4340 1.487101833290193 -0.8585786437622938 -0.09428090415755834
4341 1.030182101123093 -1.230005501172481 3.841149318847731e-11
4342 1.084075743051322 -1.29526003154267 0.08548277320764384
4343 1.137534451757071 -1.359767124121312 3.838282399183099e-11
4344 1.08407574309622 -1.295260031429902 -0.08548277311161839
4345 1.232807707341221 -1.028894672280842 -4.319606931644146e-11
4346 1.29876157764442 -1.082465541191659 0.08647613530316649
4347 1.362568119071643 -1.136246106735513 -4.40277466360467e-11
4348 1.298761578313184 -1.082465540491643 -0.08647613541276594
4349 1.50725212234051 -0.5504614634442906 3.987066796264792e-10
4350 1.586573907051953 -0.5801108026405463 0.08562950653218232
4351 1.665102677524665 -0.6091621031299852 3.994563230293878e-10
4352 1.586573906644673 -0.5801108020082365 -0.08562950553386224
4353 1.580549475959538 -0.2769125550958947 -7.155474998727862e-09
4354 1.664068869444301 -0.290896317216921 0.08562960324353026
4355 1.746602393339887 -0.3050015871109278 -7.131713110437521e-09
4356 1.664068853953763 -0.2908964678862154 -0.08562962108463992
$EndNodes
$Elements
144
1 92 2 1 1 61 33 1 5 602 546 95 119 482 481 63 62 607 606 35 34 548 549 54 53 97 98 121 122 2277 2278 605 604 550 551 642 643 485 486 483 484 2279 2280 2281 2282 611 610 609 608 553 552 555 554 645 644 647 646 2283 2284 2285 2286 2287 2288 2289 2290 2291 2292 2293 2294
2 92 2 1 1 602 546 95 119 603 547 96 120 2277 2278 605 604 615 614 550 551 556 557 642 643 99 100 123 124 2295 2296 613 612 558 559 648 649 2283 2286 2285 2284 2297 2298 2299 2300 619 618 617 616 561 560 563 562 651 650 653 652 2301 2302 2303 2304 2305 2306 2307 2308 2309 2310 2311 2312
3 92 2 1 1 603 547 96 120 88 81 9 12 2295 2296 613 612 621 620 558 559 564 565 648 649 101 102 125 126 659 658 91 92 83 82 94 93 2301 2304 2303 2302 2313 2314 2315 2316 625 624 623 622 567 566 569 568 655 654 657 656 662 661 660 663 2317 2318 2319 2320 2321 2322 2323 2324
4 92 2 1 1 6 2 33 61 111 103 546 602 55 56 65 64 113 114 37 36 105 106 481 482 548 549 607 606 586 587 627 626 570 571 2278 2277 489 490 487 488 588 591 590 589 631 630 629 628 573 572 575 574 2280 2279 2282 2281 2325 2326 2327 2328 2329 2330 2331 2332 2333 2334 2335 2336
5 92 2 1 1 111 103 546 602 112 104 547 603 586 587 627 626 115 116 570 571 107 108 2278 2277 556 557 615 614 592 593 633 632 576 577 2296 2295 2325 2328 2327 2326 594 597 596 595 637 636 635 634 579 578 581 580 2298 2297 2300 2299 2337 2338 2339 2340 2341 2342 2343 2344 2345 2346 2347 2348
6 92 2 1 1 112 104 547 603 11 10 81 88 592 593 633 632 117 118 576 577 109 110 2296 2295 564 565 621 620 87 86 89 90 85 84 658 659 2337 2340 2339 2338 598 601 600 599 641 640 639 638 583 582 585 584 2314 2313 2316 2315 666 665 664 667 2349 2350 2351 2352 2353 2354 2355 2356
7 92 2 1 2 66 38 2 6 724 668 103 111 492 491 68 67 729 728 40 39 670 671 56 55 105 106 113 114 2357 2358 727 726 672 673 587 586 495 496 493 494 2359 2360 2361 2362 733 732 731 730 675 674 677 676 591 588 589 590 2363 2364 2365 2366 2367 2368 2369 2370 2371 2372 2373 2374
8 92 2 1 2 724 668 103 111 725 669 104 112 2357 2358 727 726 737 736 672 673 678 679 587 586 107 108 115 116 2375 2376 735 734 680 681 593 592 2363 2366 2365 2364 2377 2378 2379 2380 741 740 739 738 683 682 685 684 597 594 595 596 2381 2382 2383 2384 2385 2386 2387 2388 2389 2390 2391 2392
9 92 2 1 2 725 669 104 112 134 127 10 11 2375 2376 735 734 743 742 680 681 686 687 593 592 109 110 117 118 765 764 137 138 129 128 86 87 2381 2384 2383 2382 2393 2394 2395 2396 747 746 745 744 689 688 691 690 601 598 599 600 768 767 766 769 2397 2398 2399 2400 2401 2402 2403 2404
10 92 2 1 2 7 3 38 66 147 139 668 724 57 58 70 69 149 150 42 41 141 142 491 492 670 671 729 728 708 709 749 748 692 693 2358 2357 499 500 497 498 710 713 712 711 753 752 751 750 695 694 697 696 2360 2359 2362 2361 2405 2406 2407 2408 2409 2410 2411 2412 2413 2414 2415 2416
11 92 2 1 2 147 139 668 724 148 140 669 725 708 709 749 748 151 152 692 693 143 144 2358 2357 678 679 737 736 714 715 755 754 698 699 2376 2375 2405 2408 2407 2406 716 719 718 717 759 758 757 756 701 700 703 702 2378 2377 2380 2379 2417 2418 2419 2420 2421 2422 2423 2424 2425 2426 2427 2428
12 92 2 1 2 148 140 669 725 14 13 127 134 714 715 755 754 153 154 698 699 145 146 2376 2375 686 687 743 742 133 132 135 136 131 130 764 765 2417 2420 2419 2418 720 723 722 721 763 762 761 760 705 704 707 706 2394 2393 2396 2395 772 771 770 773 2429 2430 2431 2432 2433 2434 2435 2436
13 92 2 1 3 71 43 3 7 830 774 139 147 502 501 73 72 835 834 45 44 776 777 58 57 141 142 149 150 2437 2438 833 832 778 779 709 708 505 506 503 504 2439 2440 2441 2442 839 838 837 836 781 780 783 782 713 710 711 712 2443 2444 2445 2446 2447 2448 2449 2450 2451 2452 2453 2454
14 92 2 1 3 830 774 139 147 831 775 140 148 2437 2438 833 832 843 842 778 779 784 785 709 708 143 144 151 152 2455 2456 841 840 786 787 715 714 2443 2446 2445 2444 2457 2458 2459 2460 847 846 845 844 789 788 791 790 719 716 717 718 2461 2462 2463 2464 2465 2466 2467 2468 2469 2470 2471 2472
15 92 2 1 3 831 775 140 148 162 155 13 14 2455 2456 841 840 849 848 786 787 792 793 715 714 145 146 153 154 871 870 165 166 157 156 132 133 2461 2464 2463 2462 2473 2474 2475 2476 853 852 851 850 795 794 797 796 723 720 721 722 874 873 872 875 2477 2478 2479 2480 2481 2482 2483 2484
16 92 2 1 3 8 4 43 71 175 167 774 830 59 60 75 74 177 178 47 46 169 170 501 502 776 777 835 834 814 815 855 854 798 799 2438 2437 509 510 507 508 816 819 818 817 859 858 857 856 801 800 803 802 2440 2439 2442 2441 2485 2486 2487 2488 2489 2490 2491 2492 2493 2494 2495 2496
17 92 2 1 3 175 167 774 830 176 168 775 831 814 815 855 854 179 180 798 799 171 172 2438 2437 784 785 843 842 820 821 861 860 804 805 2456 2455 2485 2488 2487 2486 822 825 824 823 865 864 863 862 807 806 809 808 2458 2457 2460 2459 2497 2498 2499 2500 2501 2502 2503 2504 2505 2506 2507 2508
18 92 2 1 3 176 168 775 831 16 15 155 162 820 821 861 860 181 182 804 805 173 174 2456 2455 792 793 849 848 161 160 163 164 159 158 870 871 2497 2500 2499 2498 826 829 828 827 869 868 867 866 811 810 813 812 2474 2473 2476 2475 878 877 876 879 2509 2510 2511 2512 2513 2514 2515 2516
19 92 2 1 4 76 48 4 8 920 880 167 175 512 511 78 77 925 924 50 49 882 883 60 59 169 170 177 178 2517 2518 923 922 884 885 815 814 515 516 513 514 2519 2520 2521 2522 929 928 927 926 887 886 889 888 819 816 817 818 2523 2524 2525 2526 2527 2528 2529 2530 2531 2532 2533 2534
20 92 2 1 4 920 880 167 175 921 881 168 176 2517 2518 923 922 933 932 884 885 890 891 815 814 171 172 179 180 2535 2536 931 930 892 893 821 820 2523 2526 2525 2524 2537 2538 2539 2540 937 936 935 934 895 894 897 896 825 822 823 824 2541 2542 2543 2544 2545 2546 2547 2548 2549 2550 2551 2552
21 92 2 1 4 921 881 168 176 188 183 15 16 2535 2536 931 930 939 938 892 893 898 899 821 820 173 174 181 182 961 960 191 192 185 184 160 161 2541 2544 2543 2542 2553 2554 2555 2556 943 942 941 940 901 900 903 902 829 826 827 828 964 963 962 965 2557 2558 2559 2560 2561 2562 2563 2564
22 92 2 1 4 5 1 48 76 119 95 880 920 53 54 80 79 121 122 52 51 97 98 511 512 882 883 925 924 643 642 945 944 904 905 2518 2517 519 520 517 518 644 645 646 647 949 948 947 946 907 906 909 908 2520 2519 2522 2521 2565 2566 2567 2568 2569 2570 2571 2572 2573 2574 2575 2576
23 92 2 1 4 119 95 880 920 120 96 881 921 643 642 945 944 123 124 904 905 99 100 2518 2517 890 891 933 932 649 648 951 950 910 911 2536 2535 2565 2568 2567 2566 650 651 652 653 955 954 953 952 913 912 915 914 2538 2537 2540 2539 2577 2578 2579 2580 2581 2582 2583 2584 2585 2586 2587 2588
24 92 2 1 4 120 96 881 921 12 9 183 188 649 648 951 950 125 126 910 911 101 102 2536 2535 898 899 939 938 93 94 189 190 187 186 960 961 2577 2580 2579 2578 654 655 656 657 959 958 957 956 917 916 919 918 2554 2553 2556 2555 968 967 966 969 2589 2590 2591 2592 2593 2594 2595 2596
25 92 2 1 5 521 61 5 76 2597 602 119 920 523 522 524 525 2599 2600 63 62 607 606 80 79 121 122 925 924 2601 2602 2603 2604 605 604 945 944 528 529 526 527 2605 2606 2607 2608 2609 2610 2611 2612 611 608 609 610 949 946 947 948 2613 2614 2615 2616 2617 2618 2619 2620 2621 2622 2623 2624
26 92 2 1 5 2597 602 119 920 2598 603 120 921 2601 2602 2603 2604 2625 2626 605 604 615 614 945 944 123 124 933 932 2627 2628 2629 2630 613 612 951 950 2613 2616 2615 2614 2631 2632 2633 2634 2635 2636 2637 2638 619 616 617 618 955 952 953 954 2639 2640 2641 2642 2643 2644 2645 2646 2647 2648 2649 2650
27 92 2 1 5 2598 603 120 921 970 88 12 188 2627 2628 2629 2630 2651 2652 613 612 621 620 951 950 125 126 939 938 972 971 973 974 91 92 189 190 2639 2642 2641 2640 2653 2654 2655 2656 2657 2658 2659 2660 625 622 623 624 959 956 957 958 977 976 975 978 2661 2662 2663 2664 2665 2666 2667 2668
28 92 2 1 5 71 521 76 8 830 2597 920 175 531 530 74 75 835 834 524 525 2599 2600 78 77 925 924 177 178 2669 2670 854 855 2603 2604 923 922 534 535 532 533 2671 2672 2673 2674 856 857 858 859 2609 2612 2611 2610 929 926 927 928 2675 2676 2677 2678 2679 2680 2681 2682 2683 2684 2685 2686
29 92 2 1 5 830 2597 920 175 831 2598 921 176 2669 2670 854 855 843 842 2603 2604 2625 2626 923 922 933 932 179 180 2687 2688 860 861 2629 2630 931 930 2675 2678 2677 2676 2689 2690 2691 2692 862 863 864 865 2635 2638 2637 2636 937 934 935 936 2693 2694 2695 2696 2697 2698 2699 2700 2701 2702 2703 2704
30 92 2 1 5 831 2598 921 176 162 970 188 16 2687 2688 860 861 849 848 2629 2630 2651 2652 931 930 939 938 181 182 980 979 164 163 973 974 191 192 2693 2696 2695 2694 2705 2706 2707 2708 866 867 868 869 2657 2660 2659 2658 943 940 941 942 983 982 981 984 2709 2710 2711 2712 2713 2714 2715 2716
31 92 2 1 5 66 6 61 521 724 111 602 2597 68 67 536 537 729 728 65 64 113 114 522 523 607 606 2599 2600 727 726 2717 2718 627 626 2602 2601 540 541 538 539 733 730 731 732 2719 2720 2721 2722 631 628 629 630 2606 2605 2608 2607 2723 2724 2725 2726 2727 2728 2729 2730 2731 2732 2733 2734
32 92 2 1 5 724 111 602 2597 725 112 603 2598 727 726 2717 2718 737 736 627 626 115 116 2602 2601 615 614 2625 2626 735 734 2735 2736 633 632 2628 2627 2723 2726 2725 2724 741 738 739 740 2737 2738 2739 2740 637 634 635 636 2632 2631 2634 2633 2741 2742 2743 2744 2745 2746 2747 2748 2749 2750 2751 2752
33 92 2 1 5 725 112 603 2598 134 11 88 970 735 734 2735 2736 743 742 633 632 117 118 2628 2627 621 620 2651 2652 137 138 985 986 89 90 971 972 2741 2744 2743 2742 747 744 745 746 2753 2754 2755 2756 641 638 639 640 2654 2653 2656 2655 989 988 987 990 2757 2758 2759 2760 2761 2762 2763 2764
34 92 2 1 5 7 66 521 71 147 724 2597 830 70 69 72 73 149 150 536 537 729 728 530 531 2599 2600 835 834 749 748 832 833 2717 2718 2670 2669 544 545 542 543 753 750 751 752 836 837 838 839 2719 2722 2721 2720 2672 2671 2674 2673 2765 2766 2767 2768 2769 2770 2771 2772 2773 2774 2775 2776
35 92 2 1 5 147 724 2597 830 148 725 2598 831 749 748 832 833 151 152 2717 2718 737 736 2670 2669 2625 2626 843 842 755 754 840 841 2735 2736 2688 2687 2765 2768 2767 2766 759 756 757 758 844 845 846 847 2737 2740 2739 2738 2690 2689 2692 2691 2777 2778 2779 2780 2781 2782 2783 2784 2785 2786 2787 2788
36 92 2 1 5 148 725 2598 831 14 134 970 162 755 754 840 841 153 154 2735 2736 743 742 2688 2687 2651 2652 849 848 135 136 166 165 985 986 979 980 2777 2780 2779 2778 763 760 761 762 850 851 852 853 2753 2756 2755 2754 2706 2705 2708 2707 993 992 991 994 2789 2790 2791 2792 2793 2794 2795 2796
37 92 2 1 6 88 81 9 12 1051 995 207 231 659 658 91 92 1053 1054 83 82 997 998 94 93 209 210 233 234 2797 2798 1076 1075 999 1000 1091 1092 662 663 660 661 2799 2800 2801 2802 1077 1080 1079 1078 1002 1001 1004 1003 1094 1093 1096 1095 2803 2804 2805 2806 2807 2808 2809 2810 2811 2812 2813 2814
38 92 2 1 6 1051 995 207 231 1052 996 208 232 2797 2798 1076 1075 1061 1062 999 1000 1005 1006 1091 1092 211 212 235 236 2815 2816 1082 1081 1007 1008 1097 1098 2803 2806 2805 2804 2817 2818 2819 2820 1083 1086 1085 1084 1010 1009 1012 1011 1100 1099 1102 1101 2821 2822 2823 2824 2825 2826 2827 2828 2829 2830 2831 2832
39 92 2 1 6 1052 996 208 232 200 193 17 20 2815 2816 1082 1081 1069 1070 1007 1008 1013 1014 1097 1098 213 214 237 238 1108 1107 203 204 195 194 206 205 2821 2824 2823 2822 2833 2834 2835 2836 1087 1090 1089 1088 1016 1015 1018 1017 1104 1103 1106 1105 1111 1110 1109 1112 2837 2838 2839 2840 2841 2842 2843 2844
40 92 2 1 6 11 10 81 88 223 215 995 1051 87 86 89 90 225 226 85 84 217 218 658 659 997 998 1053 1054 1035 1036 1056 1055 1019 1020 2798 2797 666 667 664 665 1038 1037 1040 1039 1057 1060 1059 1058 1022 1021 1024 1023 2800 2799 2802 2801 2845 2846 2847 2848 2849 2850 2851 2852 2853 2854 2855 2856
41 92 2 1 6 223 215 995 1051 224 216 996 1052 1035 1036 1056 1055 227 228 1019 1020 219 220 2798 2797 1005 1006 1061 1062 1041 1042 1064 1063 1025 1026 2816 2815 2845 2848 2847 2846 1044 1043 1046 1045 1065 1068 1067 1066 1028 1027 1030 1029 2818 2817 2820 2819 2857 2858 2859 2860 2861 2862 2863 2864 2865 2866 2867 2868
42 92 2 1 6 224 216 996 1052 19 18 193 200 1041 1042 1064 1063 229 230 1025 1026 221 222 2816 2815 1013 1014 1069 1070 199 198 201 202 197 196 1107 1108 2857 2860 2859 2858 1048 1047 1050 1049 1071 1074 1073 1072 1032 1031 1034 1033 2834 2833 2836 2835 1115 1114 1113 1116 2869 2870 2871 2872 2873 2874 2875 2876
43 92 2 1 7 134 127 10 11 1173 1117 215 223 765 764 137 138 1175 1176 129 128 1119 1120 86 87 217 218 225 226 2877 2878 1198 1197 1121 1122 1036 1035 768 769 766 767 2879 2880 2881 2882 1199 1202 1201 1200 1124 1123 1126 1125 1037 1038 1039 1040 2883 2884 2885 2886 2887 2888 2889 2890 2891 2892 2893 2894
44 92 2 1 7 1173 1117 215 223 1174 1118 216 224 2877 2878 1198 1197 1183 1184 1121 1122 1127 1128 1036 1035 219 220 227 228 2895 2896 1204 1203 1129 1130 1042 1041 2883 2886 2885 2884 2897 2898 2899 2900 1205 1208 1207 1206 1132 1131 1134 1133 1043 1044 1045 1046 2901 2902 2903 2904 2905 2906 2907 2908 2909 2910 2911 2912
45 92 2 1 7 1174 1118 216 224 246 239 18 19 2895 2896 1204 1203 1191 1192 1129 1130 1135 1136 1042 1041 221 222 229 230 1214 1213 249 250 241 240 198 199 2901 2904 2903 2902 2913 2914 2915 2916 1209 1212 1211 1210 1138 1137 1140 1139 1047 1048 1049 1050 1217 1216 1215 1218 2917 2918 2919 2920 2921 2922 2923 2924
46 92 2 1 7 14 13 127 134 259 251 1117 1173 133 132 135 136 261 262 131 130 253 254 764 765 1119 1120 1175 1176 1157 1158 1178 1177 1141 1142 2878 2877 772 773 770 771 1160 1159 1162 1161 1179 1182 1181 1180 1144 1143 1146 1145 2880 2879 2882 2881 2925 2926 2927 2928 2929 2930 2931 2932 2933 2934 2935 2936
47 92 2 1 7 259 251 1117 1173 260 252 1118 1174 1157 1158 1178 1177 263 264 1141 1142 255 256 2878 2877 1127 1128 1183 1184 1163 1164 1186 1185 1147 1148 2896 2895 2925 2928 2927 2926 1166 1165 1168 1167 1187 1190 1189 1188 1150 1149 1152 1151 2898 2897 2900 2899 2937 2938 2939 2940 2941 2942 2943 2944 2945 2946 2947 2948
48 92 2 1 7 260 252 1118 1174 22 21 239 246 1163 1164 1186 1185 265 266 1147 1148 257 258 2896 2895 1135 1136 1191 1192 245 244 247 248 243 242 1213 1214 2937 2940 2939 2938 1170 1169 1172 1171 1193 1196 1195 1194 1154 1153 1156 1155 2914 2913 2916 2915 1221 1220 1219 1222 2949 2950 2951 2952 2953 2954 2955 2956
49 92 2 1 8 162 155 13 14 1279 1223 251 259 871 870 165 166 1281 1282 157 156 1225 1226 132 133 253 254 261 262 2957 2958 1304 1303 1227 1228 1158 1157 874 875 872 873 2959 2960 2961 2962 1305 1308 1307 1306 1230 1229 1232 1231 1159 1160 1161 1162 2963 2964 2965 2966 2967 2968 2969 2970 2971 2972 2973 2974
50 92 2 1 8 1279 1223 251 259 1280 1224 252 260 2957 2958 1304 1303 1289 1290 1227 1228 1233 1234 1158 1157 255 256 263 264 2975 2976 1310 1309 1235 1236 1164 1163 2963 2966 2965 2964 2977 2978 2979 2980 1311 1314 1313 1312 1238 1237 1240 1239 1165 1166 1167 1168 2981 2982 2983 2984 2985 2986 2987 2988 2989 2990 2991 2992
51 92 2 1 8 1280 1224 252 260 274 267 21 22 2975 2976 1310 1309 1297 1298 1235 1236 1241 1242 1164 1163 257 258 265 266 1320 1319 277 278 269 268 244 245 2981 2984 2983 2982 2993 2994 2995 2996 1315 1318 1317 1316 1244 1243 1246 1245 1169 1170 1171 1172 1323 1322 1321 1324 2997 2998 2999 3000 3001 3002 3003 3004
52 92 2 1 8 16 15 155 162 287 279 1223 1279 161 160 163 164 289 290 159 158 281 282 870 871 1225 1226 1281 1282 1263 1264 1284 1283 1247 1248 2958 2957 878 879 876 877 1266 1265 1268 1267 1285 1288 1287 1286 1250 1249 1252 1251 2960 2959 2962 2961 3005 3006 3007 3008 3009 3010 3011 3012 3013 3014 3015 3016
53 92 2 1 8 287 279 1223 1279 288 280 1224 1280 1263 1264 1284 1283 291 292 1247 1248 283 284 2958 2957 1233 1234 1289 1290 1269 1270 1292 1291 1253 1254 2976 2975 3005 3008 3007 3006 1272 1271 1274 1273 1293 1296 1295 1294 1256 1255 1258 1257 2978 2977 2980 2979 3017 3018 3019 3020 3021 3022 3023 3024 3025 3026 3027 3028
54 92 2 1 8 288 280 1224 1280 24 23 267 274 1269 1270 1292 1291 293 294 1253 1254 285 286 2976 2975 1241 1242 1297 1298 273 272 275 276 271 270 1319 1320 3017 3020 3019 3018 1276 1275 1278 1277 1299 1302 1301 1300 1260 1259 1262 1261 2994 2993 2996 2995 1327 1326 1325 1328 3029 3030 3031 3032 3033 3034 3035 3036
55 92 2 1 9 188 183 15 16 1369 1329 279 287 961 960 191 192 1371 1372 185 184 1331 1332 160 161 281 282 289 290 3037 3038 1394 1393 1333 1334 1264 1263 964 965 962 963 3039 3040 3041 3042 1395 1398 1397 1396 1336 1335 1338 1337 1265 1266 1267 1268 3043 3044 3045 3046 3047 3048 3049 3050 3051 3052 3053 3054
56 92 2 1 9 1369 1329 279 287 1370 1330 280 288 3037 3038 1394 1393 1379 1380 1333 1334 1339 1340 1264 1263 283 284 291 292 3055 3056 1400 1399 1341 1342 1270 1269 3043 3046 3045 3044 3057 3058 3059 3060 1401 1404 1403 1402 1344 1343 1346 1345 1271 1272 1273 1274 3061 3062 3063 3064 3065 3066 3067 3068 3069 3070 3071 3072
57 92 2 1 9 1370 1330 280 288 300 295 23 24 3055 3056 1400 1399 1387 1388 1341 1342 1347 1348 1270 1269 285 286 293 294 1410 1409 303 304 297 296 272 273 3061 3064 3063 3062 3073 3074 3075 3076 1405 1408 1407 1406 1350 1349 1352 1351 1275 1276 1277 1278 1413 1412 1411 1414 3077 3078 3079 3080 3081 3082 3083 3084
58 92 2 1 9 12 9 183 188 231 207 1329 1369 93 94 189 190 233 234 187 186 209 210 960 961 1331 1332 1371 1372 1092 1091 1374 1373 1353 1354 3038 3037 968 969 966 967 1093 1094 1095 1096 1375 1378 1377 1376 1356 1355 1358 1357 3040 3039 3042 3041 3085 3086 3087 3088 3089 3090 3091 3092 3093 3094 3095 3096
59 92 2 1 9 231 207 1329 1369 232 208 1330 1370 1092 1091 1374 1373 235 236 1353 1354 211 212 3038 3037 1339 1340 1379 1380 1098 1097 1382 1381 1359 1360 3056 3055 3085 3088 3087 3086 1099 1100 1101 1102 1383 1386 1385 1384 1362 1361 1364 1363 3058 3057 3060 3059 3097 3098 3099 3100 3101 3102 3103 3104 3105 3106 3107 3108
60 92 2 1 9 232 208 1330 1370 20 17 295 300 1098 1097 1382 1381 237 238 1359 1360 213 214 3056 3055 1347 1348 1387 1388 205 206 301 302 299 298 1409 1410 3097 3100 3099 3098 1103 1104 1105 1106 1389 1392 1391 1390 1366 1365 1368 1367 3074 3073 3076 3075 1417 1416 1415 1418 3109 3110 3111 3112 3113 3114 3115 3116
61 92 2 1 10 970 88 12 188 3117 1051 231 1369 972 971 973 974 3119 3120 91 92 1053 1054 189 190 233 234 1371 1372 3121 3122 3123 3124 1076 1075 1374 1373 977 978 975 976 3125 3126 3127 3128 3129 3130 3131 3132 1077 1078 1079 1080 1375 1376 1377 1378 3133 3134 3135 3136 3137 3138 3139 3140 3141 3142 3143 3144
62 92 2 1 10 3117 1051 231 1369 3118 1052 232 1370 3121 3122 3123 3124 3145 3146 1076 1075 1061 1062 1374 1373 235 236 1379 1380 3147 3148 3149 3150 1082 1081 1382 1381 3133 3136 3135 3134 3151 3152 3153 3154 3155 3156 3157 3158 1083 1084 1085 1086 1383 1384 1385 1386 3159 3160 3161 3162 3163 3164 3165 3166 3167 3168 3169 3170
63 92 2 1 10 3118 1052 232 1370 1419 200 20 300 3147 3148 3149 3150 3171 3172 1082 1081 1069 1070 1382 1381 237 238 1387 1388 1421 1420 1422 1423 203 204 301 302 3159 3162 3161 3160 3173 3174 3175 3176 3177 3178 3179 3180 1087 1088 1089 1090 1389 1390 1391 1392 1426 1425 1424 1427 3181 3182 3183 3184 3185 3186 3187 3188
64 92 2 1 10 162 970 188 16 1279 3117 1369 287 980 979 164 163 1281 1282 973 974 3119 3120 191 192 1371 1372 289 290 3189 3190 1283 1284 3123 3124 1394 1393 983 984 981 982 3191 3192 3193 3194 1286 1287 1288 1285 3129 3132 3131 3130 1395 1396 1397 1398 3195 3196 3197 3198 3199 3200 3201 3202 3203 3204 3205 3206
65 92 2 1 10 1279 3117 1369 287 1280 3118 1370 288 3189 3190 1283 1284 1289 1290 3123 3124 3145 3146 1394 1393 1379 1380 291 292 3207 3208 1291 1292 3149 3150 1400 1399 3195 3198 3197 3196 3209 3210 3211 3212 1294 1295 1296 1293 3155 3158 3157 3156 1401 1402 1403 1404 3213 3214 3215 3216 3217 3218 3219 3220 3221 3222 3223 3224
66 92 2 1 10 1280 3118 1370 288 274 1419 300 24 3207 3208 1291 1292 1297 1298 3149 3150 3171 3172 1400 1399 1387 1388 293 294 1429 1428 276 275 1422 1423 303 304 3213 3216 3215 3214 3225 3226 3227 3228 1300 1301 1302 1299 3177 3180 3179 3178 1405 1406 1407 1408 1432 1431 1430 1433 3229 3230 3231 3232 3233 3234 3235 3236
67 92 2 1 10 134 11 88 970 1173 223 1051 3117 137 138 985 986 1175 1176 89 90 225 226 971 972 1053 1054 3119 3120 1198 1197 3237 3238 1056 1055 3122 3121 989 990 987 988 1199 1200 1201 1202 3239 3240 3241 3242 1057 1058 1059 1060 3126 3125 3128 3127 3243 3244 3245 3246 3247 3248 3249 3250 3251 3252 3253 3254
68 92 2 1 10 1173 223 1051 3117 1174 224 1052 3118 1198 1197 3237 3238 1183 1184 1056 1055 227 228 3122 3121 1061 1062 3145 3146 1204 1203 3255 3256 1064 1063 3148 3147 3243 3246 3245 3244 1205 1206 1207 1208 3257 3258 3259 3260 1065 1066 1067 1068 3152 3151 3154 3153 3261 3262 3263 3264 3265 3266 3267 3268 3269 3270 3271 3272
69 92 2 1 10 1174 224 1052 3118 246 19 200 1419 1204 1203 3255 3256 1191 1192 1064 1063 229 230 3148 3147 1069 1070 3171 3172 249 250 1434 1435 201 202 1420 1421 3261 3264 3263 3262 1209 1210 1211 1212 3273 3274 3275 3276 1071 1072 1073 1074 3174 3173 3176 3175 1438 1437 1436 1439 3277 3278 3279 3280 3281 3282 3283 3284
70 92 2 1 10 14 134 970 162 259 1173 3117 1279 135 136 166 165 261 262 985 986 1175 1176 979 980 3119 3120 1281 1282 1178 1177 1303 1304 3237 3238 3190 3189 993 994 991 992 1179 1180 1181 1182 1306 1307 1308 1305 3239 3242 3241 3240 3192 3191 3194 3193 3285 3286 3287 3288 3289 3290 3291 3292 3293 3294 3295 3296
71 92 2 1 10 259 1173 3117 1279 260 1174 3118 1280 1178 1177 1303 1304 263 264 3237 3238 1183 1184 3190 3189 3145 3146 1289 1290 1186 1185 1309 1310 3255 3256 3208 3207 3285 3288 3287 3286 1187 1188 1189 1190 1312 1313 1314 1311 3257 3260 3259 3258 3210 3209 3212 3211 3297 3298 3299 3300 3301 3302 3303 3304 3305 3306 3307 3308
72 92 2 1 10 260 1174 3118 1280 22 246 1419 274 1186 1185 1309 1310 265 266 3255 3256 1191 1192 3208 3207 3171 3172 1297 1298 247 248 278 277 1434 1435 1428 1429 3297 3300 3299 3298 1193 1194 1195 1196 1316 1317 1318 1315 3273 3276 3275 3274 3226 3225 3228 3227 1442 1441 1440 1443 3309 3310 3311 3312 3313 3314 3315 3316
73 92 2 1 11 200 193 17 20 1500 1444 319 343 1108 1107 203 204 1502 1503 195 194 1446 1447 206 205 321 322 345 346 3317 3318 1525 1524 1448 1449 1540 1541 1111 1112 1109 1110 3319 3320 3321 3322 1526 1529 1528 1527 1451 1450 1453 1452 1543 1542 1545 1544 3323 3324 3325 3326 3327 3328 3329 3330 3331 3332 3333 3334
74 92 2 1 11 1500 1444 319 343 1501 1445 320 344 3317 3318 1525 1524 1510 1511 1448 1449 1454 1455 1540 1541 323 324 347 348 3335 3336 1531 1530 1456 1457 1546 1547 3323 3326 3325 3324 3337 3338 3339 3340 1532 1535 1534 1533 1459 1458 1461 1460 1549 1548 1551 1550 3341 3342 3343 3344 3345 3346 3347 3348 3349 3350 3351 3352
75 92 2 1 11 1501 1445 320 344 312 305 25 28 3335 3336 1531 1530 1518 1519 1456 1457 1462 1463 1546 1547 325 326 349 350 1557 1556 315 316 307 306 318 317 3341 3344 3343 3342 3353 3354 3355 3356 1536 1539 1538 1537 1465 1464 1467 1466 1553 1552 1555 1554 1560 1559 1558 1561 3357 3358 3359 3360 3361 3362 3363 3364
76 92 2 1 11 19 18 193 200 335 327 1444 1500 199 198 201 202 337 338 197 196 329 330 1107 1108 1446 1447 1502 1503 1484 1485 1505 1504 1468 1469 3318 3317 1115 1116 1113 1114 1487 1486 1489 1488 1506 1509 1508 1507 1471 1470 1473 1472 3320 3319 3322 3321 3365 3366 3367 3368 3369 3370 3371 3372 3373 3374 3375 3376
77 92 2 1 11 335 327 1444 1500 336 328 1445 1501 1484 1485 1505 1504 339 340 1468 1469 331 332 3318 3317 1454 1455 1510 1511 1490 1491 1513 1512 1474 1475 3336 3335 3365 3368 3367 3366 1493 1492 1495 1494 1514 1517 1516 1515 1477 1476 1479 1478 3338 3337 3340 3339 3377 3378 3379 3380 3381 3382 3383 3384 3385 3386 3387 3388
78 92 2 1 11 336 328 1445 1501 27 26 305 312 1490 1491 1513 1512 341 342 1474 1475 333 334 3336 3335 1462 1463 1518 1519 311 310 313 314 309 308 1556 1557 3377 3380 3379 3378 1497 1496 1499 1498 1520 1523 1522 1521 1481 1480 1483 1482 3354 3353 3356 3355 1564 1563 1562 1565 3389 3390 3391 3392 3393 3394 3395 3396
79 92 2 1 12 246 239 18 19 1622 1566 327 335 1214 1213 249 250 1624 1625 241 240 1568 1569 198 199 329 330 337 338 3397 3398 1647 1646 1570 1571 1485 1484 1217 1218 1215 1216 3399 3400 3401 3402 1648 1651 1650 1649 1573 1572 1575 1574 1486 1487 1488 1489 3403 3404 3405 3406 3407 3408 3409 3410 3411 3412 3413 3414
80 92 2 1 12 1622 1566 327 335 1623 1567 328 336 3397 3398 1647 1646 1632 1633 1570 1571 1576 1577 1485 1484 331 332 339 340 3415 3416 1653 1652 1578 1579 1491 1490 3403 3406 3405 3404 3417 3418 3419 3420 1654 1657 1656 1655 1581 1580 1583 1582 1492 1493 1494 1495 3421 3422 3423 3424 3425 3426 3427 3428 3429 3430 3431 3432
81 92 2 1 12 1623 1567 328 336 358 351 26 27 3415 3416 1653 1652 1640 1641 1578 1579 1584 1585 1491 1490 333 334 341 342 1663 1662 361 362 353 352 310 311 3421 3424 3423 3422 3433 3434 3435 3436 1658 1661 1660 1659 1587 1586 1589 1588 1496 1497 1498 1499 1666 1665 1664 1667 3437 3438 3439 3440 3441 3442 3443 3444
82 92 2 1 12 22 21 239 246 371 363 1566 1622 245 244 247 248 373 374 243 242 365 366 1213 1214 1568 1569 1624 1625 1606 1607 1627 1626 1590 1591 3398 3397 1221 1222 1219 1220 1609 1608 1611 1610 1628 1631 1630 1629 1593 1592 1595 1594 3400 3399 3402 3401 3445 3446 3447 3448 3449 3450 3451 3452 3453 3454 3455 3456
83 92 2 1 12 371 363 1566 1622 372 364 1567 1623 1606 1607 1627 1626 375 376 1590 1591 367 368 3398 3397 1576 1577 1632 1633 1612 1613 1635 1634 1596 1597 3416 3415 3445 3448 3447 3446 1615 1614 1617 1616 1636 1639 1638 1637 1599 1598 1601 1600 3418 3417 3420 3419 3457 3458 3459 3460 3461 3462 3463 3464 3465 3466 3467 3468
84 92 2 1 12 372 364 1567 1623 30 29 351 358 1612 1613 1635 1634 377 378 1596 1597 369 370 3416 3415 1584 1585 1640 1641 357 356 359 360 355 354 1662 1663 3457 3460 3459 3458 1619 1618 1621 1620 1642 1645 1644 1643 1603 1602 1605 1604 3434 3433 3436 3435 1670 1669 1668 1671 3469 3470 3471 3472 3473 3474 3475 3476
85 92 2 1 13 274 267 21 22 1728 1672 363 371 1320 1319 277 278 1730 1731 269 268 1674 1675 244 245 365 366 373 374 3477 3478 1753 1752 1676 1677 1607 1606 1323 1324 1321 1322 3479 3480 3481 3482 1754 1757 1756 1755 1679 1678 1681 1680 1608 1609 1610 1611 3483 3484 3485 3486 3487 3488 3489 3490 3491 3492 3493 3494
86 92 2 1 13 1728 1672 363 371 1729 1673 364 372 3477 3478 1753 1752 1738 1739 1676 1677 1682 1683 1607 1606 367 368 375 376 3495 3496 1759 1758 1684 1685 1613 1612 3483 3486 3485 3484 3497 3498 3499 3500 1760 1763 1762 1761 1687 1686 1689 1688 1614 1615 1616 1617 3501 3502 3503 3504 3505 3506 3507 3508 3509 3510 3511 3512
87 92 2 1 13 1729 1673 364 372 386 379 29 30 3495 3496 1759 1758 1746 1747 1684 1685 1690 1691 1613 1612 369 370 377 378 1769 1768 389 390 381 380 356 357 3501 3504 3503 3502 3513 3514 3515 3516 1764 1767 1766 1765 1693 1692 1695 1694 1618 1619 1620 1621 1772 1771 1770 1773 3517 3518 3519 3520 3521 3522 3523 3524
88 92 2 1 13 24 23 267 274 399 391 1672 1728 273 272 275 276 401 402 271 270 393 394 1319 1320 1674 1675 1730 1731 1712 1713 1733 1732 1696 1697 3478 3477 1327 1328 1325 1326 1715 1714 1717 1716 1734 1737 1736 1735 1699 1698 1701 1700 3480 3479 3482 3481 3525 3526 3527 3528 3529 3530 3531 3532 3533 3534 3535 3536
89 92 2 1 13 399 391 1672 1728 400 392 1673 1729 1712 1713 1733 1732 403 404 1696 1697 395 396 3478 3477 1682 1683 1738 1739 1718 1719 1741 1740 1702 1703 3496 3495 3525 3528 3527 3526 1721 1720 1723 1722 1742 1745 1744 1743 1705 1704 1707 1706 3498 3497 3500 3499 3537 3538 3539 3540 3541 3542 3543 3544 3545 3546 3547 3548
90 92 2 1 13 400 392 1673 1729 32 31 379 386 1718 1719 1741 1740 405 406 1702 1703 397 398 3496 3495 1690 1691 1746 1747 385 384 387 388 383 382 1768 1769 3537 3540 3539 3538 1725 1724 1727 1726 1748 1751 1750 1749 1709 1708 1711 1710 3514 3513 3516 3515 1776 1775 1774 1777 3549 3550 3551 3552 3553 3554 3555 3556
91 92 2 1 14 300 295 23 24 1818 1778 391 399 1410 1409 303 304 1820 1821 297 296 1780 1781 272 273 393 394 401 402 3557 3558 1843 1842 1782 1783 1713 1712 1413 1414 1411 1412 3559 3560 3561 3562 1844 1847 1846 1845 1785 1784 1787 1786 1714 1715 1716 1717 3563 3564 3565 3566 3567 3568 3569 3570 3571 3572 3573 3574
92 92 2 1 14 1818 1778 391 399 1819 1779 392 400 3557 3558 1843 1842 1828 1829 1782 1783 1788 1789 1713 1712 395 396 403 404 3575 3576 1849 1848 1790 1791 1719 1718 3563 3566 3565 3564 3577 3578 3579 3580 1850 1853 1852 1851 1793 1792 1795 1794 1720 1721 1722 1723 3581 3582 3583 3584 3585 3586 3587 3588 3589 3590 3591 3592
93 92 2 1 14 1819 1779 392 400 412 407 31 32 3575 3576 1849 1848 1836 1837 1790 1791 1796 1797 1719 1718 397 398 405 406 1859 1858 415 416 409 408 384 385 3581 3584 3583 3582 3593 3594 3595 3596 1854 1857 1856 1855 1799 1798 1801 1800 1724 1725 1726 1727 1862 1861 1860 1863 3597 3598 3599 3600 3601 3602 3603 3604
94 92 2 1 14 20 17 295 300 343 319 1778 1818 205 206 301 302 345 346 299 298 321 322 1409 1410 1780 1781 1820 1821 1541 1540 1823 1822 1802 1803 3558 3557 1417 1418 1415 1416 1542 1543 1544 1545 1824 1827 1826 1825 1805 1804 1807 1806 3560 3559 3562 3561 3605 3606 3607 3608 3609 3610 3611 3612 3613 3614 3615 3616
95 92 2 1 14 343 319 1778 1818 344 320 1779 1819 1541 1540 1823 1822 347 348 1802 1803 323 324 3558 3557 1788 1789 1828 1829 1547 1546 1831 1830 1808 1809 3576 3575 3605 3608 3607 3606 1548 1549 1550 1551 1832 1835 1834 1833 1811 1810 1813 1812 3578 3577 3580 3579 3617 3618 3619 3620 3621 3622 3623 3624 3625 3626 3627 3628
96 92 2 1 14 344 320 1779 1819 28 25 407 412 1547 1546 1831 1830 349 350 1808 1809 325 326 3576 3575 1796 1797 1836 1837 317 318 413 414 411 410 1858 1859 3617 3620 3619 3618 1552 1553 1554 1555 1838 1841 1840 1839 1815 1814 1817 1816 3594 3593 3596 3595 1866 1865 1864 1867 3629 3630 3631 3632 3633 3634 3635 3636
97 92 2 1 15 1419 200 20 300 3637 1500 343 1818 1421 1420 1422 1423 3639 3640 203 204 1502 1503 301 302 345 346 1820 1821 3641 3642 3643 3644 1525 1524 1823 1822 1426 1427 1424 1425 3645 3646 3647 3648 3649 3650 3651 3652 1526 1527 1528 1529 1824 1825 1826 1827 3653 3654 3655 3656 3657 3658 3659 3660 3661 3662 3663 3664
98 92 2 1 15 3637 1500 343 1818 3638 1501 344 1819 3641 3642 3643 3644 3665 3666 1525 1524 1510 1511 1823 1822 347 348 1828 1829 3667 3668 3669 3670 1531 1530 1831 1830 3653 3656 3655 3654 3671 3672 3673 3674 3675 3676 3677 3678 1532 1533 1534 1535 1832 1833 1834 1835 3679 3680 3681 3682 3683 3684 3685 3686 3687 3688 3689 3690
99 92 2 1 15 3638 1501 344 1819 1868 312 28 412 3667 3668 3669 3670 3691 3692 1531 1530 1518 1519 1831 1830 349 350 1836 1837 1870 1869 1871 1872 315 316 413 414 3679 3682 3681 3680 3693 3694 3695 3696 3697 3698 3699 3700 1536 1537 1538 1539 1838 1839 1840 1841 1875 1874 1873 1876 3701 3702 3703 3704 3705 3706 3707 3708
100 92 2 1 15 274 1419 300 24 1728 3637 1818 399 1429 1428 276 275 1730 1731 1422 1423 3639 3640 303 304 1820 1821 401 402 3709 3710 1732 1733 3643 3644 1843 1842 1432 1433 1430 1431 3711 3712 3713 3714 1735 1736 1737 1734 3649 3652 3651 3650 1844 1845 1846 1847 3715 3716 3717 3718 3719 3720 3721 3722 3723 3724 3725 3726
101 92 2 1 15 1728 3637 1818 399 1729 3638 1819 400 3709 3710 1732 1733 1738 1739 3643 3644 3665 3666 1843 1842 1828 1829 403 404 3727 3728 1740 1741 3669 3670 1849 1848 3715 3718 3717 3716 3729 3730 3731 3732 1743 1744 1745 1742 3675 3678 3677 3676 1850 1851 1852 1853 3733 3734 3735 3736 3737 3738 3739 3740 3741 3742 3743 3744
102 92 2 1 15 1729 3638 1819 400 386 1868 412 32 3727 3728 1740 1741 1746 1747 3669 3670 3691 3692 1849 1848 1836 1837 405 406 1878 1877 388 387 1871 1872 415 416 3733 3736 3735 3734 3745 3746 3747 3748 1749 1750 1751 1748 3697 3700 3699 3698 1854 1855 1856 1857 1881 1880 1879 1882 3749 3750 3751 3752 3753 3754 3755 3756
103 92 2 1 15 246 19 200 1419 1622 335 1500 3637 249 250 1434 1435 1624 1625 201 202 337 338 1420 1421 1502 1503 3639 3640 1647 1646 3757 3758 1505 1504 3642 3641 1438 1439 1436 1437 1648 1649 1650 1651 3759 3760 3761 3762 1506 1507 1508 1509 3646 3645 3648 3647 3763 3764 3765 3766 3767 3768 3769 3770 3771 3772 3773 3774
104 92 2 1 15 1622 335 1500 3637 1623 336 1501 3638 1647 1646 3757 3758 1632 1633 1505 1504 339 340 3642 3641 1510 1511 3665 3666 1653 1652 3775 3776 1513 1512 3668 3667 3763 3766 3765 3764 1654 1655 1656 1657 3777 3778 3779 3780 1514 1515 1516 1517 3672 3671 3674 3673 3781 3782 3783 3784 3785 3786 3787 3788 3789 3790 3791 3792
105 92 2 1 15 1623 336 1501 3638 358 27 312 1868 1653 1652 3775 3776 1640 1641 1513 1512 341 342 3668 3667 1518 1519 3691 3692 361 362 1883 1884 313 314 1869 1870 3781 3784 3783 3782 1658 1659 1660 1661 3793 3794 3795 3796 1520 1521 1522 1523 3694 3693 3696 3695 1887 1886 1885 1888 3797 3798 3799 3800 3801 3802 3803 3804
106 92 2 1 15 22 246 1419 274 371 1622 3637 1728 247 248 278 277 373 374 1434 1435 1624 1625 1428 1429 3639 3640 1730 1731 1627 1626 1752 1753 3757 3758 3710 3709 1442 1443 1440 1441 1628 1629 1630 1631 1755 1756 1757 1754 3759 3762 3761 3760 3712 3711 3714 3713 3805 3806 3807 3808 3809 3810 3811 3812 3813 3814 3815 3816
107 92 2 1 15 371 1622 3637 1728 372 1623 3638 1729 1627 1626 1752 1753 375 376 3757 3758 1632 1633 3710 3709 3665 3666 1738 1739 1635 1634 1758 1759 3775 3776 3728 3727 3805 3808 3807 3806 1636 1637 1638 1639 1761 1762 1763 1760 3777 3780 3779 3778 3730 3729 3732 3731 3817 3818 3819 3820 3821 3822 3823 3824 3825 3826 3827 3828
108 92 2 1 15 372 1623 3638 1729 30 358 1868 386 1635 1634 1758 1759 377 378 3775 3776 1640 1641 3728 3727 3691 3692 1746 1747 359 360 390 389 1883 1884 1877 1878 3817 3820 3819 3818 1642 1643 1644 1645 1765 1766 1767 1764 3793 3796 3795 3794 3746 3745 3748 3747 1891 1890 1889 1892 3829 3830 3831 3832 3833 3834 3835 3836
109 92 2 1 16 312 305 25 28 1949 1893 417 441 1557 1556 315 316 1951 1952 307 306 1895 1896 318 317 419 420 443 444 3837 3838 1974 1973 1897 1898 1989 1990 1560 1561 1558 1559 3839 3840 3841 3842 1975 1978 1977 1976 1900 1899 1902 1901 1992 1991 1994 1993 3843 3844 3845 3846 3847 3848 3849 3850 3851 3852 3853 3854
110 92 2 1 16 1949 1893 417 441 1950 1894 418 442 3837 3838 1974 1973 1959 1960 1897 1898 1903 1904 1989 1990 421 422 445 446 3855 3856 1980 1979 1905 1906 1995 1996 3843 3846 3845 3844 3857 3858 3859 3860 1981 1984 1983 1982 1908 1907 1910 1909 1998 1997 2000 1999 3861 3862 3863 3864 3865 3866 3867 3868 3869 3870 3871 3872
111 92 2 1 16 1950 1894 418 442 61 33 1 5 3855 3856 1980 1979 1967 1968 1905 1906 1911 1912 1995 1996 423 424 447 448 482 481 63 62 35 34 54 53 3861 3864 3863 3862 3873 3874 3875 3876 1985 1988 1987 1986 1914 1913 1916 1915 2002 2001 2004 2003 485 484 483 486 3877 3878 3879 3880 3881 3882 3883 3884
112 92 2 1 16 27 26 305 312 433 425 1893 1949 311 310 313 314 435 436 309 308 427 428 1556 1557 1895 1896 1951 1952 1933 1934 1954 1953 1917 1918 3838 3837 1564 1565 1562 1563 1936 1935 1938 1937 1955 1958 1957 1956 1920 1919 1922 1921 3840 3839 3842 3841 3885 3886 3887 3888 3889 3890 3891 3892 3893 3894 3895 3896
113 92 2 1 16 433 425 1893 1949 434 426 1894 1950 1933 1934 1954 1953 437 438 1917 1918 429 430 3838 3837 1903 1904 1959 1960 1939 1940 1962 1961 1923 1924 3856 3855 3885 3888 3887 3886 1942 1941 1944 1943 1963 1966 1965 1964 1926 1925 1928 1927 3858 3857 3860 3859 3897 3898 3899 3900 3901 3902 3903 3904 3905 3906 3907 3908
114 92 2 1 16 434 426 1894 1950 6 2 33 61 1939 1940 1962 1961 439 440 1923 1924 431 432 3856 3855 1911 1912 1967 1968 55 56 65 64 37 36 481 482 3897 3900 3899 3898 1946 1945 1948 1947 1969 1972 1971 1970 1930 1929 1932 1931 3874 3873 3876 3875 489 488 487 490 3909 3910 3911 3912 3913 3914 3915 3916
115 92 2 1 17 358 351 26 27 2061 2005 425 433 1663 1662 361 362 2063 2064 353 352 2007 2008 310 311 427 428 435 436 3917 3918 2086 2085 2009 2010 1934 1933 1666 1667 1664 1665 3919 3920 3921 3922 2087 2090 2089 2088 2012 2011 2014 2013 1935 1936 1937 1938 3923 3924 3925 3926 3927 3928 3929 3930 3931 3932 3933 3934
116 92 2 1 17 2061 2005 425 433 2062 2006 426 434 3917 3918 2086 2085 2071 2072 2009 2010 2015 2016 1934 1933 429 430 437 438 3935 3936 2092 2091 2017 2018 1940 1939 3923 3926 3925 3924 3937 3938 3939 3940 2093 2096 2095 2094 2020 2019 2022 2021 1941 1942 1943 1944 3941 3942 3943 3944 3945 3946 3947 3948 3949 3950 3951 3952
117 92 2 1 17 2062 2006 426 434 66 38 2 6 3935 3936 2092 2091 2079 2080 2017 2018 2023 2024 1940 1939 431 432 439 440 492 491 68 67 40 39 56 55 3941 3944 3943 3942 3953 3954 3955 3956 2097 2100 2099 2098 2026 2025 2028 2027 1945 1946 1947 1948 495 494 493 496 3957 3958 3959 3960 3961 3962 3963 3964
118 92 2 1 17 30 29 351 358 457 449 2005 2061 357 356 359 360 459 460 355 354 451 452 1662 1663 2007 2008 2063 2064 2045 2046 2066 2065 2029 2030 3918 3917 1670 1671 1668 1669 2048 2047 2050 2049 2067 2070 2069 2068 2032 2031 2034 2033 3920 3919 3922 3921 3965 3966 3967 3968 3969 3970 3971 3972 3973 3974 3975 3976
119 92 2 1 17 457 449 2005 2061 458 450 2006 2062 2045 2046 2066 2065 461 462 2029 2030 453 454 3918 3917 2015 2016 2071 2072 2051 2052 2074 2073 2035 2036 3936 3935 3965 3968 3967 3966 2054 2053 2056 2055 2075 2078 2077 2076 2038 2037 2040 2039 3938 3937 3940 3939 3977 3978 3979 3980 3981 3982 3983 3984 3985 3986 3987 3988
120 92 2 1 17 458 450 2006 2062 7 3 38 66 2051 2052 2074 2073 463 464 2035 2036 455 456 3936 3935 2023 2024 2079 2080 57 58 70 69 42 41 491 492 3977 3980 3979 3978 2058 2057 2060 2059 2081 2084 2083 2082 2042 2041 2044 2043 3954 3953 3956 3955 499 498 497 500 3989 3990 3991 3992 3993 3994 3995 3996
121 92 2 1 18 386 379 29 30 2157 2101 449 457 1769 1768 389 390 2159 2160 381 380 2103 2104 356 357 451 452 459 460 3997 3998 2182 2181 2105 2106 2046 2045 1772 1773 1770 1771 3999 4000 4001 4002 2183 2186 2185 2184 2108 2107 2110 2109 2047 2048 2049 2050 4003 4004 4005 4006 4007 4008 4009 4010 4011 4012 4013 4014
122 92 2 1 18 2157 2101 449 457 2158 2102 450 458 3997 3998 2182 2181 2167 2168 2105 2106 2111 2112 2046 2045 453 454 461 462 4015 4016 2188 2187 2113 2114 2052 2051 4003 4006 4005 4004 4017 4018 4019 4020 2189 2192 2191 2190 2116 2115 2118 2117 2053 2054 2055 2056 4021 4022 4023 4024 4025 4026 4027 4028 4029 4030 4031 4032
123 92 2 1 18 2158 2102 450 458 71 43 3 7 4015 4016 2188 2187 2175 2176 2113 2114 2119 2120 2052 2051 455 456 463 464 502 501 73 72 45 44 58 57 4021 4024 4023 4022 4033 4034 4035 4036 2193 2196 2195 2194 2122 2121 2124 2123 2057 2058 2059 2060 505 504 503 506 4037 4038 4039 4040 4041 4042 4043 4044
124 92 2 1 18 32 31 379 386 473 465 2101 2157 385 384 387 388 475 476 383 382 467 468 1768 1769 2103 2104 2159 2160 2141 2142 2162 2161 2125 2126 3998 3997 1776 1777 1774 1775 2144 2143 2146 2145 2163 2166 2165 2164 2128 2127 2130 2129 4000 3999 4002 4001 4045 4046 4047 4048 4049 4050 4051 4052 4053 4054 4055 4056
125 92 2 1 18 473 465 2101 2157 474 466 2102 2158 2141 2142 2162 2161 477 478 2125 2126 469 470 3998 3997 2111 2112 2167 2168 2147 2148 2170 2169 2131 2132 4016 4015 4045 4048 4047 4046 2150 2149 2152 2151 2171 2174 2173 2172 2134 2133 2136 2135 4018 4017 4020 4019 4057 4058 4059 4060 4061 4062 4063 4064 4065 4066 4067 4068
126 92 2 1 18 474 466 2102 2158 8 4 43 71 2147 2148 2170 2169 479 480 2131 2132 471 472 4016 4015 2119 2120 2175 2176 59 60 75 74 47 46 501 502 4057 4060 4059 4058 2154 2153 2156 2155 2177 2180 2179 2178 2138 2137 2140 2139 4034 4033 4036 4035 509 508 507 510 4069 4070 4071 4072 4073 4074 4075 4076
127 92 2 1 19 412 407 31 32 2237 2197 465 473 1859 1858 415 416 2239 2240 409 408 2199 2200 384 385 467 468 475 476 4077 4078 2262 2261 2201 2202 2142 2141 1862 1863 1860 1861 4079 4080 4081 4082 2263 2266 2265 2264 2204 2203 2206 2205 2143 2144 2145 2146 4083 4084 4085 4086 4087 4088 4089 4090 4091 4092 4093 4094
128 92 2 1 19 2237 2197 465 473 2238 2198 466 474 4077 4078 2262 2261 2247 2248 2201 2202 2207 2208 2142 2141 469 470 477 478 4095 4096 2268 2267 2209 2210 2148 2147 4083 4086 4085 4084 4097 4098 4099 4100 2269 2272 2271 2270 2212 2211 2214 2213 2149 2150 2151 2152 4101 4102 4103 4104 4105 4106 4107 4108 4109 4110 4111 4112
129 92 2 1 19 2238 2198 466 474 76 48 4 8 4095 4096 2268 2267 2255 2256 2209 2210 2215 2216 2148 2147 471 472 479 480 512 511 78 77 50 49 60 59 4101 4104 4103 4102 4113 4114 4115 4116 2273 2276 2275 2274 2218 2217 2220 2219 2153 2154 2155 2156 515 514 513 516 4117 4118 4119 4120 4121 4122 4123 4124
130 92 2 1 19 28 25 407 412 441 417 2197 2237 317 318 413 414 443 444 411 410 419 420 1858 1859 2199 2200 2239 2240 1990 1989 2242 2241 2221 2222 4078 4077 1866 1867 1864 1865 1991 1992 1993 1994 2243 2246 2245 2244 2224 2223 2226 2225 4080 4079 4082 4081 4125 4126 4127 4128 4129 4130 4131 4132 4133 4134 4135 4136
131 92 2 1 19 441 417 2197 2237 442 418 2198 2238 1990 1989 2242 2241 445 446 2221 2222 421 422 4078 4077 2207 2208 2247 2248 1996 1995 2250 2249 2227 2228 4096 4095 4125 4128 4127 4126 1997 1998 1999 2000 2251 2254 2253 2252 2230 2229 2232 2231 4098 4097 4100 4099 4137 4138 4139 4140 4141 4142 4143 4144 4145 4146 4147 4148
132 92 2 1 19 442 418 2198 2238 5 1 48 76 1996 1995 2250 2249 447 448 2227 2228 423 424 4096 4095 2215 2216 2255 2256 53 54 80 79 52 51 511 512 4137 4140 4139 4138 2001 2002 2003 2004 2257 2260 2259 2258 2234 2233 2236 2235 4114 4113 4116 4115 519 518 517 520 4149 4150 4151 4152 4153 4154 4155 4156
133 92 2 1 20 1868 312 28 412 4157 1949 441 2237 1870 1869 1871 1872 4159 4160 315 316 1951 1952 413 414 443 444 2239 2240 4161 4162 4163 4164 1974 1973 2242 2241 1875 1876 1873 1874 4165 4166 4167 4168 4169 4170 4171 4172 1975 1976 1977 1978 2243 2244 2245 2246 4173 4174 4175 4176 4177 4178 4179 4180 4181 4182 4183 4184
134 92 2 1 20 4157 1949 441 2237 4158 1950 442 2238 4161 4162 4163 4164 4185 4186 1974 1973 1959 1960 2242 2241 445 446 2247 2248 4187 4188 4189 4190 1980 1979 2250 2249 4173 4176 4175 4174 4191 4192 4193 4194 4195 4196 4197 4198 1981 1982 1983 1984 2251 2252 2253 2254 4199 4200 4201 4202 4203 4204 4205 4206 4207 4208 4209 4210
135 92 2 1 20 4158 1950 442 2238 521 61 5 76 4187 4188 4189 4190 4211 4212 1980 1979 1967 1968 2250 2249 447 448 2255 2256 523 522 524 525 63 62 80 79 4199 4202 4201 4200 4213 4214 4215 4216 4217 4218 4219 4220 1985 1986 1987 1988 2257 2258 2259 2260 528 527 526 529 4221 4222 4223 4224 4225 4226 4227 4228
136 92 2 1 20 386 1868 412 32 2157 4157 2237 473 1878 1877 388 387 2159 2160 1871 1872 4159 4160 415 416 2239 2240 475 476 4229 4230 2161 2162 4163 4164 2262 2261 1881 1882 1879 1880 4231 4232 4233 4234 2164 2165 2166 2163 4169 4172 4171 4170 2263 2264 2265 2266 4235 4236 4237 4238 4239 4240 4241 4242 4243 4244 4245 4246
137 92 2 1 20 2157 4157 2237 473 2158 4158 2238 474 4229 4230 2161 2162 2167 2168 4163 4164 4185 4186 2262 2261 2247 2248 477 478 4247 4248 2169 2170 4189 4190 2268 2267 4235 4238 4237 4236 4249 4250 4251 4252 2172 2173 2174 2171 4195 4198 4197 4196 2269 2270 2271 2272 4253 4254 4255 4256 4257 4258 4259 4260 4261 4262 4263 4264
138 92 2 1 20 2158 4158 2238 474 71 521 76 8 4247 4248 2169 2170 2175 2176 4189 4190 4211 4212 2268 2267 2255 2256 479 480 531 530 74 75 524 525 78 77 4253 4256 4255 4254 4265 4266 4267 4268 2178 2179 2180 2177 4217 4220 4219 4218 2273 2274 2275 2276 534 533 532 535 4269 4270 4271 4272 4273 4274 4275 4276
139 92 2 1 20 358 27 312 1868 2061 433 1949 4157 361 362 1883 1884 2063 2064 313 314 435 436 1869 1870 1951 1952 4159 4160 2086 2085 4277 4278 1954 1953 4162 4161 1887 1888 1885 1886 2087 2088 2089 2090 4279 4280 4281 4282 1955 1956 1957 1958 4166 4165 4168 4167 4283 4284 4285 4286 4287 4288 4289 4290 4291 4292 4293 4294
140 92 2 1 20 2061 433 1949 4157 2062 434 1950 4158 2086 2085 4277 4278 2071 2072 1954 1953 437 438 4162 4161 1959 1960 4185 4186 2092 2091 4295 4296 1962 1961 4188 4187 4283 4286 4285 4284 2093 2094 2095 2096 4297 4298 4299 4300 1963 1964 1965 1966 4192 4191 4194 4193 4301 4302 4303 4304 4305 4306 4307 4308 4309 4310 4311 4312
141 92 2 1 20 2062 434 1950 4158 66 6 61 521 2092 2091 4295 4296 2079 2080 1962 1961 439 440 4188 4187 1967 1968 4211 4212 68 67 536 537 65 64 522 523 4301 4304 4303 4302 2097 2098 2099 2100 4313 4314 4315 4316 1969 1970 1971 1972 4214 4213 4216 4215 540 539 538 541 4317 4318 4319 4320 4321 4322 4323 4324
142 92 2 1 20 30 358 1868 386 457 2061 4157 2157 359 360 390 389 459 460 1883 1884 2063 2064 1877 1878 4159 4160 2159 2160 2066 2065 2181 2182 4277 4278 4230 4229 1891 1892 1889 1890 2067 2068 2069 2070 2184 2185 2186 2183 4279 4282 4281 4280 4232 4231 4234 4233 4325 4326 4327 4328 4329 4330 4331 4332 4333 4334 4335 4336
143 92 2 1 20 457 2061 4157 2157 458 2062 4158 2158 2066 2065 2181 2182 461 462 4277 4278 2071 2072 4230 4229 4185 4186 2167 2168 2074 2073 2187 2188 4295 4296 4248 4247 4325 4328 4327 4326 2075 2076 2077 2078 2190 2191 2192 2189 4297 4300 4299 4298 4250 4249 4252 4251 4337 4338 4339 4340 4341 4342 4343 4344 4345 4346 4347 4348
144 92 2 1 20 458 2062 4158 2158 7 66 521 71 2074 2073 2187 2188 463 464 4295 4296 2079 2080 4248 4247 4211 4212 2175 2176 70 69 72 73 536 537 530 531 4337 4340 4339 4338 2081 2082 2083 2084 2194 2195 2196 2193 4313 4316 4315 4314 4266 4265 4268 4267 544 543 542 545 4349 4350 4351 4352 4353 4354 4355 4356
$EndElements
